time,gFx,gFy,gFz
2026-07-31 19:19:35.0930,-0.259,-0.935,0.106,0.976
2026-07-31 19:19:35.0930,-0.259,-0.935,0.106,0.976
2026-07-31 19:19:35.0990,-0.287,-0.916,0.045,0.961
2026-07-31 19:19:35.1120,-0.238,-0.883,0.011,0.915
2026-07-31 19:19:35.1190,-0.231,-0.904,0.014,0.933
2026-07-31 19:19:35.1290,-0.28,-0.948,0.004,0.988
2026-07-31 19:19:35.1390,-0.302,-0.974,-0.002,1.02
2026-07-31 19:19:35.1520,-0.29,-0.989,0.002,1.031
2026-07-31 19:19:35.1690,-0.302,-0.987,0.001,1.032
2026-07-31 19:19:35.1700,-0.302,-0.987,0.001,1.032
2026-07-31 19:19:35.1790,-0.302,-0.977,0.003,1.023
2026-07-31 19:19:35.1890,-0.298,-0.953,0.007,0.999
2026-07-31 19:19:35.1990,-0.286,-0.938,0.01,0.981
2026-07-31 19:19:35.2090,-0.277,-0.928,0.011,0.969
2026-07-31 19:19:35.2190,-0.271,-0.936,0.008,0.974
2026-07-31 19:19:35.2300,-0.262,-0.947,0.001,0.983
2026-07-31 19:19:35.2400,-0.265,-0.949,-0.002,0.985
2026-07-31 19:19:35.2710,-0.251,-0.969,0.0,1.001
2026-07-31 19:19:35.2710,-0.251,-0.969,0.0,1.001
2026-07-31 19:19:35.2720,-0.251,-0.969,0.0,1.001
2026-07-31 19:19:35.2800,-0.25,-0.966,-0.007,0.998
2026-07-31 19:19:35.2900,-0.245,-0.963,-0.019,0.994
2026-07-31 19:19:35.3000,-0.24,-0.958,-0.02,0.988
2026-07-31 19:19:35.3100,-0.246,-0.952,-0.013,0.983
2026-07-31 19:19:35.3200,-0.253,-0.951,-0.005,0.984
2026-07-31 19:19:35.3300,-0.254,-0.962,-0.003,0.995
2026-07-31 19:19:35.3400,-0.248,-0.971,0.0,1.002
2026-07-31 19:19:35.3770,-0.235,-0.979,0.008,1.007
2026-07-31 19:19:35.3770,-0.235,-0.979,0.008,1.007
2026-07-31 19:19:35.3770,-0.235,-0.979,0.008,1.007
2026-07-31 19:19:35.3800,-0.238,-0.97,0.007,0.999
2026-07-31 19:19:35.3930,-0.236,-0.962,0.005,0.991
2026-07-31 19:19:35.4000,-0.23,-0.955,-0.005,0.982
2026-07-31 19:19:35.4100,-0.225,-0.954,-0.01,0.98
2026-07-31 19:19:35.4200,-0.224,-0.953,-0.012,0.979
2026-07-31 19:19:35.4300,-0.224,-0.946,-0.012,0.972
2026-07-31 19:19:35.4400,-0.228,-0.945,-0.014,0.972
2026-07-31 19:19:35.4550,-0.226,-0.951,-0.016,0.978
2026-07-31 19:19:35.4770,-0.227,-0.964,-0.027,0.991
2026-07-31 19:19:35.4770,-0.227,-0.964,-0.027,0.991
2026-07-31 19:19:35.4790,-0.22,-0.973,-0.026,0.998
2026-07-31 19:19:35.4940,-0.227,-0.971,-0.017,0.997
2026-07-31 19:19:35.5000,-0.244,-0.96,-0.01,0.991
2026-07-31 19:19:35.5100,-0.264,-0.952,-0.003,0.988
2026-07-31 19:19:35.5200,-0.277,-0.953,-0.001,0.992
2026-07-31 19:19:35.5300,-0.284,-0.959,-0.016,1.0
2026-07-31 19:19:35.5410,-0.282,-0.976,-0.033,1.016
2026-07-31 19:19:35.5770,-0.28,-0.983,-0.032,1.023
2026-07-31 19:19:35.5770,-0.28,-0.983,-0.032,1.023
2026-07-31 19:19:35.5770,-0.28,-0.983,-0.032,1.023
2026-07-31 19:19:35.5800,-0.409,-1.091,0.107,1.17
2026-07-31 19:19:35.5940,-0.291,-1.028,0.13,1.076
2026-07-31 19:19:35.6000,-0.184,-0.941,0.1,0.964
2026-07-31 19:19:35.6100,-0.201,-0.894,0.153,0.929
2026-07-31 19:19:35.6200,-0.245,-0.88,0.173,0.93
2026-07-31 19:19:35.6300,-0.285,-0.89,0.158,0.948
2026-07-31 19:19:35.6410,-0.304,-0.912,0.117,0.968
2026-07-31 19:19:35.6760,-0.276,-0.97,0.076,1.011
2026-07-31 19:19:35.6760,-0.276,-0.97,0.076,1.011
2026-07-31 19:19:35.6760,-0.276,-0.97,0.076,1.011
2026-07-31 19:19:35.6800,-0.27,-0.971,0.085,1.011
2026-07-31 19:19:35.6930,-0.267,-0.974,0.093,1.014
2026-07-31 19:19:35.7000,-0.269,-0.98,0.096,1.021
2026-07-31 19:19:35.7100,-0.283,-0.987,0.092,1.031
2026-07-31 19:19:35.7200,-0.293,-0.999,0.091,1.045
2026-07-31 19:19:35.7310,-0.29,-1.001,0.102,1.047
2026-07-31 19:19:35.7410,-0.279,-0.997,0.116,1.042
2026-07-31 19:19:35.7560,-0.269,-0.99,0.127,1.034
2026-07-31 19:19:35.7780,-0.262,-0.988,0.121,1.029
2026-07-31 19:19:35.7780,-0.262,-0.988,0.121,1.029
2026-07-31 19:19:35.7800,-0.256,-0.985,0.113,1.024
2026-07-31 19:19:35.7940,-0.247,-0.987,0.11,1.023
2026-07-31 19:19:35.8000,-0.228,-0.984,0.111,1.016
2026-07-31 19:19:35.8110,-0.214,-0.981,0.114,1.011
2026-07-31 19:19:35.8200,-0.201,-0.981,0.121,1.009
2026-07-31 19:19:35.8310,-0.192,-0.985,0.128,1.012
2026-07-31 19:19:35.8410,-0.181,-0.984,0.128,1.009
2026-07-31 19:19:35.8560,-0.169,-0.981,0.128,1.004
2026-07-31 19:19:35.8790,-0.16,-0.972,0.12,0.992
2026-07-31 19:19:35.8790,-0.16,-0.972,0.12,0.992
2026-07-31 19:19:35.8800,-0.169,-0.966,0.11,0.987
2026-07-31 19:19:35.8940,-0.176,-0.96,0.102,0.981
2026-07-31 19:19:35.9000,-0.183,-0.952,0.099,0.974
2026-07-31 19:19:35.9110,-0.186,-0.941,0.099,0.964
2026-07-31 19:19:35.9220,-0.189,-0.923,0.098,0.947
2026-07-31 19:19:35.9310,-0.199,-0.913,0.098,0.94
2026-07-31 19:19:35.9410,-0.21,-0.907,0.103,0.937
2026-07-31 19:19:35.9560,-0.223,-0.904,0.097,0.936
2026-07-31 19:19:35.9760,-0.233,-0.91,0.083,0.943
2026-07-31 19:19:35.9760,-0.233,-0.91,0.083,0.943
2026-07-31 19:19:35.9800,-0.226,-0.909,0.091,0.941
2026-07-31 19:19:35.9940,-0.233,-0.917,0.101,0.952
2026-07-31 19:19:36.0000,-0.244,-0.931,0.119,0.97
2026-07-31 19:19:36.0110,-0.263,-0.947,0.143,0.993
2026-07-31 19:19:36.0220,-0.285,-0.962,0.162,1.016
2026-07-31 19:19:36.0310,-0.297,-0.96,0.179,1.021
2026-07-31 19:19:36.0410,-0.304,-0.962,0.198,1.028
2026-07-31 19:19:36.0750,-0.241,-0.987,0.25,1.046
2026-07-31 19:19:36.0750,-0.241,-0.987,0.25,1.046
2026-07-31 19:19:36.0750,-0.241,-0.987,0.25,1.046
2026-07-31 19:19:36.0800,-0.201,-0.99,0.262,1.044
2026-07-31 19:19:36.0930,-0.195,-1.004,0.263,1.056
2026-07-31 19:19:36.1010,-0.176,-1.037,0.242,1.079
2026-07-31 19:19:36.1110,-0.152,-1.049,0.223,1.083
2026-07-31 19:19:36.1220,-0.171,-1.042,0.206,1.076
2026-07-31 19:19:36.1310,-0.181,-1.031,0.203,1.066
2026-07-31 19:19:36.1410,-0.196,-1.013,0.205,1.052
2026-07-31 19:19:36.1800,-0.276,-1.017,0.272,1.088
2026-07-31 19:19:36.1800,-0.276,-1.017,0.272,1.088
2026-07-31 19:19:36.1810,-0.276,-1.017,0.272,1.088
2026-07-31 19:19:36.1810,-0.276,-1.017,0.272,1.088
2026-07-31 19:19:36.1910,-0.265,-1.019,0.267,1.086
2026-07-31 19:19:36.2010,-0.238,-1.017,0.26,1.076
2026-07-31 19:19:36.2110,-0.198,-1.006,0.246,1.054
2026-07-31 19:19:36.2220,-0.153,-0.993,0.226,1.03
2026-07-31 19:19:36.2310,-0.11,-0.979,0.206,1.006
2026-07-31 19:19:36.2420,-0.075,-0.965,0.187,0.986
2026-07-31 19:19:36.2770,-0.08,-0.935,0.132,0.948
2026-07-31 19:19:36.2780,-0.08,-0.935,0.132,0.948
2026-07-31 19:19:36.2780,-0.08,-0.935,0.132,0.948
2026-07-31 19:19:36.2810,-0.12,-0.934,0.123,0.95
2026-07-31 19:19:36.2940,-0.166,-0.932,0.124,0.955
2026-07-31 19:19:36.3010,-0.2,-0.926,0.129,0.956
2026-07-31 19:19:36.3110,-0.206,-0.916,0.141,0.949
2026-07-31 19:19:36.3220,-0.185,-0.9,0.175,0.935
2026-07-31 19:19:36.3310,-0.138,-0.889,0.221,0.926
2026-07-31 19:19:36.3410,-0.084,-0.892,0.283,0.94
2026-07-31 19:19:36.3510,-0.035,-0.927,0.316,0.98
2026-07-31 19:19:36.3770,0.061,-0.978,0.355,1.042
2026-07-31 19:19:36.3770,0.061,-0.978,0.355,1.042
2026-07-31 19:19:36.3810,0.091,-1.004,0.361,1.071
2026-07-31 19:19:36.3940,0.104,-1.027,0.345,1.088
2026-07-31 19:19:36.4010,0.095,-1.055,0.303,1.102
2026-07-31 19:19:36.4110,0.058,-1.061,0.284,1.1
2026-07-31 19:19:36.4220,-0.016,-1.08,0.236,1.106
2026-07-31 19:19:36.4310,-0.097,-1.092,0.152,1.107
2026-07-31 19:19:36.4420,-0.168,-1.08,0.099,1.097
2026-07-31 19:19:36.4760,-0.182,-1.039,0.124,1.062
2026-07-31 19:19:36.4770,-0.182,-1.039,0.124,1.062
2026-07-31 19:19:36.4770,-0.182,-1.039,0.124,1.062
2026-07-31 19:19:36.4810,-0.166,-1.025,0.179,1.054
2026-07-31 19:19:36.4940,-0.162,-1.007,0.234,1.046
2026-07-31 19:19:36.5010,-0.169,-0.981,0.256,1.028
2026-07-31 19:19:36.5110,-0.161,-0.957,0.258,1.004
2026-07-31 19:19:36.5220,-0.152,-0.917,0.277,0.97
2026-07-31 19:19:36.5310,-0.138,-0.898,0.272,0.948
2026-07-31 19:19:36.5420,-0.123,-0.883,0.225,0.919
2026-07-31 19:19:36.5780,-0.097,-0.887,0.121,0.9
2026-07-31 19:19:36.5780,-0.097,-0.887,0.121,0.9
2026-07-31 19:19:36.5780,-0.097,-0.887,0.121,0.9
2026-07-31 19:19:36.5810,-0.112,-0.913,0.118,0.927
2026-07-31 19:19:36.5940,-0.144,-0.946,0.135,0.966
2026-07-31 19:19:36.6010,-0.169,-0.975,0.162,1.003
2026-07-31 19:19:36.6120,-0.202,-1.002,0.192,1.04
2026-07-31 19:19:36.6220,-0.227,-1.016,0.207,1.061
2026-07-31 19:19:36.6320,-0.255,-1.025,0.208,1.077
2026-07-31 19:19:36.6420,-0.265,-1.023,0.192,1.074
2026-07-31 19:19:36.6780,-0.219,-0.931,0.097,0.961
2026-07-31 19:19:36.6780,-0.219,-0.931,0.097,0.961
2026-07-31 19:19:36.6780,-0.219,-0.931,0.097,0.961
2026-07-31 19:19:36.6810,-0.261,-0.897,-0.016,0.934
2026-07-31 19:19:36.6940,-0.207,-0.879,0.011,0.903
2026-07-31 19:19:36.7010,-0.198,-0.894,0.115,0.923
2026-07-31 19:19:36.7120,-0.222,-0.951,0.132,0.985
2026-07-31 19:19:36.7210,-0.219,-0.947,0.166,0.986
2026-07-31 19:19:36.7320,-0.202,-0.93,0.198,0.972
2026-07-31 19:19:36.7420,-0.178,-0.919,0.237,0.966
2026-07-31 19:19:36.7570,-0.16,-0.92,0.262,0.97
2026-07-31 19:19:36.7800,-0.15,-0.908,0.26,0.956
2026-07-31 19:19:36.7800,-0.15,-0.908,0.26,0.956
2026-07-31 19:19:36.7810,-0.152,-0.906,0.233,0.948
2026-07-31 19:19:36.7930,-0.152,-0.912,0.199,0.946
2026-07-31 19:19:36.8010,-0.162,-0.917,0.164,0.946
2026-07-31 19:19:36.8120,-0.172,-0.921,0.128,0.946
2026-07-31 19:19:36.8210,-0.178,-0.931,0.1,0.953
2026-07-31 19:19:36.8320,-0.186,-0.948,0.085,0.97
2026-07-31 19:19:36.8420,-0.197,-0.964,0.089,0.988
2026-07-31 19:19:36.8570,-0.213,-0.982,0.106,1.01
2026-07-31 19:19:36.8790,-0.253,-1.0,0.168,1.045
2026-07-31 19:19:36.8790,-0.253,-1.0,0.168,1.045
2026-07-31 19:19:36.8810,-0.272,-1.004,0.201,1.059
2026-07-31 19:19:36.8940,-0.285,-1.006,0.235,1.072
2026-07-31 19:19:36.9010,-0.286,-1.003,0.262,1.075
2026-07-31 19:19:36.9120,-0.279,-0.989,0.286,1.067
2026-07-31 19:19:36.9220,-0.268,-0.972,0.301,1.052
2026-07-31 19:19:36.9320,-0.258,-0.949,0.322,1.035
2026-07-31 19:19:36.9420,-0.265,-0.944,0.327,1.034
2026-07-31 19:19:36.9800,-0.255,-0.879,0.301,0.963
2026-07-31 19:19:36.9800,-0.255,-0.879,0.301,0.963
2026-07-31 19:19:36.9800,-0.255,-0.879,0.301,0.963
2026-07-31 19:19:36.9810,-0.248,-0.855,0.278,0.933
2026-07-31 19:19:36.9940,-0.252,-0.833,0.251,0.906
2026-07-31 19:19:37.0020,-0.254,-0.823,0.225,0.89
2026-07-31 19:19:37.0120,-0.26,-0.831,0.203,0.894
2026-07-31 19:19:37.0220,-0.255,-0.846,0.19,0.904
2026-07-31 19:19:37.0320,-0.247,-0.865,0.179,0.917
2026-07-31 19:19:37.0420,-0.23,-0.88,0.179,0.927
2026-07-31 19:19:37.0780,-0.205,-0.944,0.195,0.985
2026-07-31 19:19:37.0780,-0.205,-0.944,0.195,0.985
2026-07-31 19:19:37.0780,-0.205,-0.944,0.195,0.985
2026-07-31 19:19:37.0820,-0.202,-0.955,0.201,0.997
2026-07-31 19:19:37.0940,-0.204,-0.957,0.209,1.001
2026-07-31 19:19:37.1020,-0.209,-0.954,0.217,1.0
2026-07-31 19:19:37.1120,-0.216,-0.947,0.226,0.997
2026-07-31 19:19:37.1220,-0.219,-0.939,0.236,0.993
2026-07-31 19:19:37.1320,-0.223,-0.93,0.242,0.987
2026-07-31 19:19:37.1430,-0.225,-0.922,0.247,0.981
2026-07-31 19:19:37.1780,-0.252,-0.919,0.241,0.983
2026-07-31 19:19:37.1790,-0.252,-0.919,0.241,0.983
2026-07-31 19:19:37.1790,-0.252,-0.919,0.241,0.983
2026-07-31 19:19:37.1820,-0.264,-0.921,0.241,0.988
2026-07-31 19:19:37.1940,-0.271,-0.925,0.244,0.994
2026-07-31 19:19:37.2020,-0.277,-0.931,0.24,1.001
2026-07-31 19:19:37.2120,-0.274,-0.936,0.235,1.003
2026-07-31 19:19:37.2220,-0.26,-0.931,0.237,0.995
2026-07-31 19:19:37.2320,-0.246,-0.928,0.235,0.988
2026-07-31 19:19:37.2430,-0.236,-0.924,0.234,0.982
2026-07-31 19:19:37.2580,-0.231,-0.925,0.231,0.981
2026-07-31 19:19:37.2800,-0.227,-0.939,0.226,0.992
2026-07-31 19:19:37.2800,-0.227,-0.939,0.226,0.992
2026-07-31 19:19:37.2820,-0.217,-0.948,0.228,0.999
2026-07-31 19:19:37.2940,-0.207,-0.959,0.229,1.007
2026-07-31 19:19:37.3020,-0.199,-0.975,0.231,1.022
2026-07-31 19:19:37.3120,-0.19,-0.987,0.239,1.033
2026-07-31 19:19:37.3220,-0.185,-1.0,0.241,1.045
2026-07-31 19:19:37.3330,-0.182,-1.003,0.247,1.049
2026-07-31 19:19:37.3420,-0.182,-1.006,0.244,1.051
2026-07-31 19:19:37.3790,-0.219,-0.995,0.245,1.048
2026-07-31 19:19:37.3790,-0.219,-0.995,0.245,1.048
2026-07-31 19:19:37.3790,-0.219,-0.995,0.245,1.048
2026-07-31 19:19:37.3820,-0.241,-0.986,0.234,1.042
2026-07-31 19:19:37.3950,-0.254,-0.974,0.226,1.032
2026-07-31 19:19:37.4020,-0.264,-0.963,0.23,1.025
2026-07-31 19:19:37.4130,-0.268,-0.95,0.233,1.014
2026-07-31 19:19:37.4230,-0.261,-0.943,0.239,1.007
2026-07-31 19:19:37.4330,-0.245,-0.939,0.245,1.001
2026-07-31 19:19:37.4430,-0.223,-0.934,0.248,0.992
2026-07-31 19:19:37.4790,-0.126,-0.904,0.256,0.948
2026-07-31 19:19:37.4790,-0.126,-0.904,0.256,0.948
2026-07-31 19:19:37.4790,-0.126,-0.904,0.256,0.948
2026-07-31 19:19:37.4820,-0.095,-0.912,0.262,0.954
2026-07-31 19:19:37.4950,-0.072,-0.924,0.27,0.965
2026-07-31 19:19:37.5030,-0.063,-0.951,0.266,0.99
2026-07-31 19:19:37.5130,-0.072,-0.978,0.258,1.014
2026-07-31 19:19:37.5230,-0.09,-1.007,0.26,1.044
2026-07-31 19:19:37.5330,-0.126,-1.034,0.266,1.075
2026-07-31 19:19:37.5430,-0.175,-1.04,0.282,1.092
2026-07-31 19:19:37.5810,-0.274,-0.977,0.36,1.077
2026-07-31 19:19:37.5810,-0.274,-0.977,0.36,1.077
2026-07-31 19:19:37.5810,-0.274,-0.977,0.36,1.077
2026-07-31 19:19:37.5830,-0.282,-0.952,0.374,1.061
2026-07-31 19:19:37.5940,-0.28,-0.927,0.366,1.035
2026-07-31 19:19:37.6020,-0.266,-0.898,0.356,1.002
2026-07-31 19:19:37.6130,-0.23,-0.873,0.342,0.965
2026-07-31 19:19:37.6230,-0.197,-0.85,0.324,0.931
2026-07-31 19:19:37.6330,-0.167,-0.83,0.312,0.902
2026-07-31 19:19:37.6430,-0.149,-0.817,0.305,0.885
2026-07-31 19:19:37.6820,-0.156,-0.813,0.316,0.886
2026-07-31 19:19:37.6820,-0.156,-0.813,0.316,0.886
2026-07-31 19:19:37.6820,-0.156,-0.813,0.316,0.886
2026-07-31 19:19:37.6830,-0.163,-0.825,0.345,0.909
2026-07-31 19:19:37.6940,-0.176,-0.85,0.376,0.946
2026-07-31 19:19:37.7030,-0.18,-0.886,0.415,0.995
2026-07-31 19:19:37.7130,-0.177,-0.93,0.44,1.044
2026-07-31 19:19:37.7230,-0.183,-0.968,0.443,1.08
2026-07-31 19:19:37.7330,-0.19,-1.004,0.436,1.111
2026-07-31 19:19:37.7430,-0.191,-1.029,0.437,1.134
2026-07-31 19:19:37.7800,-0.187,-1.023,0.4,1.114
2026-07-31 19:19:37.7810,-0.187,-1.023,0.4,1.114
2026-07-31 19:19:37.7810,-0.187,-1.023,0.4,1.114
2026-07-31 19:19:37.7830,-0.19,-1.004,0.387,1.093
2026-07-31 19:19:37.7940,-0.199,-0.974,0.372,1.061
2026-07-31 19:19:37.8030,-0.202,-0.943,0.357,1.028
2026-07-31 19:19:37.8130,-0.203,-0.912,0.347,0.997
2026-07-31 19:19:37.8230,-0.206,-0.888,0.339,0.973
2026-07-31 19:19:37.8330,-0.213,-0.872,0.332,0.957
2026-07-31 19:19:37.8430,-0.212,-0.861,0.325,0.944
2026-07-31 19:19:37.8780,-0.215,-0.872,0.337,0.959
2026-07-31 19:19:37.8780,-0.215,-0.872,0.337,0.959
2026-07-31 19:19:37.8790,-0.215,-0.872,0.337,0.959
2026-07-31 19:19:37.8830,-0.212,-0.888,0.345,0.976
2026-07-31 19:19:37.8940,-0.214,-0.906,0.351,0.995
2026-07-31 19:19:37.9030,-0.223,-0.929,0.349,1.017
2026-07-31 19:19:37.9130,-0.214,-0.95,0.346,1.033
2026-07-31 19:19:37.9230,-0.207,-0.964,0.339,1.043
2026-07-31 19:19:37.9330,-0.197,-0.975,0.33,1.048
2026-07-31 19:19:37.9440,-0.187,-0.982,0.32,1.05
2026-07-31 19:19:37.9810,-0.162,-0.952,0.288,1.008
2026-07-31 19:19:37.9810,-0.162,-0.952,0.288,1.008
2026-07-31 19:19:37.9810,-0.162,-0.952,0.288,1.008
2026-07-31 19:19:37.9830,-0.163,-0.937,0.286,0.993
2026-07-31 19:19:37.9950,-0.166,-0.922,0.282,0.978
2026-07-31 19:19:38.0030,-0.167,-0.903,0.281,0.96
2026-07-31 19:19:38.0130,-0.171,-0.885,0.275,0.942
2026-07-31 19:19:38.0240,-0.173,-0.874,0.268,0.93
2026-07-31 19:19:38.0340,-0.175,-0.865,0.261,0.92
2026-07-31 19:19:38.0440,-0.181,-0.862,0.251,0.916
2026-07-31 19:19:38.0790,-0.192,-0.909,0.259,0.964
2026-07-31 19:19:38.0790,-0.192,-0.909,0.259,0.964
2026-07-31 19:19:38.0790,-0.192,-0.909,0.259,0.964
2026-07-31 19:19:38.0830,-0.192,-0.928,0.261,0.983
2026-07-31 19:19:38.0930,-0.192,-0.947,0.258,1.0
2026-07-31 19:19:38.1030,-0.195,-0.967,0.252,1.018
2026-07-31 19:19:38.1130,-0.201,-0.98,0.248,1.031
2026-07-31 19:19:38.1240,-0.204,-0.989,0.245,1.039
2026-07-31 19:19:38.1340,-0.201,-0.985,0.251,1.036
2026-07-31 19:19:38.1440,-0.203,-0.987,0.251,1.038
2026-07-31 19:19:38.1800,-0.199,-0.989,0.267,1.044
2026-07-31 19:19:38.1800,-0.199,-0.989,0.267,1.044
2026-07-31 19:19:38.1800,-0.199,-0.989,0.267,1.044
2026-07-31 19:19:38.1830,-0.199,-0.983,0.263,1.037
2026-07-31 19:19:38.1950,-0.2,-0.972,0.258,1.025
2026-07-31 19:19:38.2040,-0.208,-0.957,0.251,1.011
2026-07-31 19:19:38.2140,-0.212,-0.941,0.241,0.994
2026-07-31 19:19:38.2240,-0.213,-0.93,0.232,0.982
2026-07-31 19:19:38.2340,-0.22,-0.92,0.227,0.973
2026-07-31 19:19:38.2440,-0.22,-0.915,0.225,0.968
2026-07-31 19:19:38.2610,-0.216,-0.909,0.225,0.961
2026-07-31 19:19:38.2640,-0.207,-0.914,0.225,0.964
2026-07-31 19:19:38.2940,-0.181,-0.946,0.241,0.993
2026-07-31 19:19:38.2940,-0.181,-0.946,0.241,0.993
2026-07-31 19:19:38.2940,-0.181,-0.946,0.241,0.993
2026-07-31 19:19:38.3030,-0.174,-0.957,0.244,1.003
2026-07-31 19:19:38.3140,-0.167,-0.967,0.249,1.012
2026-07-31 19:19:38.3240,-0.162,-0.975,0.254,1.02
2026-07-31 19:19:38.3340,-0.163,-0.981,0.262,1.028
2026-07-31 19:19:38.3440,-0.163,-0.983,0.266,1.031
2026-07-31 19:19:38.3600,-0.157,-0.985,0.265,1.032
2026-07-31 19:19:38.3640,-0.162,-0.987,0.26,1.033
2026-07-31 19:19:38.3930,-0.166,-0.973,0.248,1.018
2026-07-31 19:19:38.3940,-0.166,-0.973,0.248,1.018
2026-07-31 19:19:38.3940,-0.166,-0.973,0.248,1.018
2026-07-31 19:19:38.4030,-0.166,-0.961,0.24,1.004
2026-07-31 19:19:38.4140,-0.168,-0.955,0.232,0.997
2026-07-31 19:19:38.4240,-0.168,-0.953,0.223,0.993
2026-07-31 19:19:38.4340,-0.163,-0.954,0.213,0.991
2026-07-31 19:19:38.4440,-0.158,-0.958,0.208,0.993
2026-07-31 19:19:38.4590,-0.154,-0.964,0.204,0.997
2026-07-31 19:19:38.4640,-0.149,-0.967,0.198,0.998
2026-07-31 19:19:38.4920,-0.145,-0.976,0.2,1.007
2026-07-31 19:19:38.4920,-0.145,-0.976,0.2,1.007
2026-07-31 19:19:38.4940,-0.149,-0.984,0.209,1.017
2026-07-31 19:19:38.5110,-0.153,-0.99,0.222,1.026
2026-07-31 19:19:38.5140,-0.157,-0.989,0.235,1.029
2026-07-31 19:19:38.5240,-0.156,-0.984,0.244,1.026
2026-07-31 19:19:38.5340,-0.151,-0.979,0.25,1.022
2026-07-31 19:19:38.5440,-0.149,-0.973,0.252,1.016
2026-07-31 19:19:38.5590,-0.148,-0.966,0.249,1.008
2026-07-31 19:19:38.5640,-0.151,-0.963,0.24,1.004
2026-07-31 19:19:38.5900,-0.155,-0.959,0.223,0.997
2026-07-31 19:19:38.5910,-0.155,-0.959,0.223,0.997
2026-07-31 19:19:38.5940,-0.159,-0.961,0.215,0.998
2026-07-31 19:19:38.6040,-0.159,-0.96,0.209,0.995
2026-07-31 19:19:38.6140,-0.16,-0.955,0.207,0.99
2026-07-31 19:19:38.6240,-0.164,-0.955,0.206,0.991
2026-07-31 19:19:38.6340,-0.167,-0.954,0.207,0.99
2026-07-31 19:19:38.6440,-0.171,-0.954,0.209,0.991
2026-07-31 19:19:38.6600,-0.174,-0.956,0.21,0.994
2026-07-31 19:19:38.6640,-0.179,-0.959,0.211,0.998
2026-07-31 19:19:38.6910,-0.165,-0.962,0.211,0.999
2026-07-31 19:19:38.6910,-0.165,-0.962,0.211,0.999
2026-07-31 19:19:38.6940,-0.164,-0.964,0.21,1.0
2026-07-31 19:19:38.7110,-0.165,-0.966,0.207,1.002
2026-07-31 19:19:38.7140,-0.168,-0.968,0.205,1.004
2026-07-31 19:19:38.7240,-0.173,-0.971,0.204,1.007
2026-07-31 19:19:38.7340,-0.179,-0.976,0.203,1.013
2026-07-31 19:19:38.7450,-0.183,-0.978,0.204,1.016
2026-07-31 19:19:38.7610,-0.184,-0.976,0.203,1.014
2026-07-31 19:19:38.7640,-0.184,-0.977,0.203,1.015
2026-07-31 19:19:38.7910,-0.188,-0.98,0.202,1.018
2026-07-31 19:19:38.7920,-0.188,-0.98,0.202,1.018
2026-07-31 19:19:38.7940,-0.191,-0.978,0.203,1.017
2026-07-31 19:19:38.8110,-0.195,-0.976,0.203,1.016
2026-07-31 19:19:38.8140,-0.199,-0.976,0.205,1.017
2026-07-31 19:19:38.8250,-0.197,-0.974,0.206,1.015
2026-07-31 19:19:38.8340,-0.195,-0.973,0.204,1.013
2026-07-31 19:19:38.8450,-0.187,-0.968,0.204,1.007
2026-07-31 19:19:38.8610,-0.18,-0.962,0.2,0.999
2026-07-31 19:19:38.8650,-0.172,-0.958,0.198,0.993
2026-07-31 19:19:38.8910,-0.165,-0.953,0.193,0.986
2026-07-31 19:19:38.8910,-0.165,-0.953,0.193,0.986
2026-07-31 19:19:38.8940,-0.167,-0.95,0.192,0.983
2026-07-31 19:19:38.9110,-0.17,-0.951,0.191,0.985
2026-07-31 19:19:38.9140,-0.174,-0.949,0.193,0.984
2026-07-31 19:19:38.9240,-0.178,-0.949,0.192,0.984
2026-07-31 19:19:38.9350,-0.181,-0.949,0.187,0.984
2026-07-31 19:19:38.9450,-0.178,-0.954,0.183,0.988
2026-07-31 19:19:38.9610,-0.178,-0.957,0.18,0.99
2026-07-31 19:19:38.9650,-0.176,-0.96,0.176,0.992
2026-07-31 19:19:38.9930,-0.176,-0.968,0.17,0.998
2026-07-31 19:19:38.9930,-0.176,-0.968,0.17,0.998
2026-07-31 19:19:38.9940,-0.176,-0.971,0.167,1.001
2026-07-31 19:19:39.0100,-0.175,-0.973,0.168,1.003
2026-07-31 19:19:39.0140,-0.171,-0.975,0.168,1.004
2026-07-31 19:19:39.0250,-0.17,-0.977,0.167,1.006
2026-07-31 19:19:39.0350,-0.168,-0.975,0.168,1.004
2026-07-31 19:19:39.0450,-0.169,-0.976,0.169,1.005
2026-07-31 19:19:39.0610,-0.168,-0.974,0.172,1.003
2026-07-31 19:19:39.0650,-0.171,-0.973,0.173,1.003
2026-07-31 19:19:39.0900,-0.175,-0.972,0.176,1.003
2026-07-31 19:19:39.0910,-0.175,-0.972,0.176,1.003
2026-07-31 19:19:39.0940,-0.178,-0.971,0.177,1.003
2026-07-31 19:19:39.1110,-0.18,-0.969,0.176,1.001
2026-07-31 19:19:39.1150,-0.182,-0.969,0.176,1.002
2026-07-31 19:19:39.1250,-0.181,-0.969,0.176,1.001
2026-07-31 19:19:39.1350,-0.18,-0.966,0.175,0.998
2026-07-31 19:19:39.1450,-0.18,-0.964,0.173,0.996
2026-07-31 19:19:39.1600,-0.179,-0.963,0.17,0.994
2026-07-31 19:19:39.1650,-0.177,-0.962,0.166,0.992
2026-07-31 19:19:39.1920,-0.18,-0.961,0.165,0.992
2026-07-31 19:19:39.1920,-0.18,-0.961,0.165,0.992
2026-07-31 19:19:39.1950,-0.181,-0.964,0.163,0.994
2026-07-31 19:19:39.2110,-0.184,-0.967,0.164,0.998
2026-07-31 19:19:39.2150,-0.186,-0.97,0.165,1.001
2026-07-31 19:19:39.2250,-0.186,-0.97,0.164,1.001
2026-07-31 19:19:39.2350,-0.187,-0.967,0.163,0.998
2026-07-31 19:19:39.2460,-0.185,-0.964,0.16,0.995
2026-07-31 19:19:39.2610,-0.184,-0.967,0.161,0.997
2026-07-31 19:19:39.2650,-0.182,-0.969,0.16,0.999
2026-07-31 19:19:39.2910,-0.184,-0.973,0.164,1.004
2026-07-31 19:19:39.2910,-0.184,-0.973,0.164,1.004
2026-07-31 19:19:39.2950,-0.184,-0.972,0.168,1.003
2026-07-31 19:19:39.3100,-0.181,-0.968,0.169,0.999
2026-07-31 19:19:39.3150,-0.177,-0.966,0.168,0.996
2026-07-31 19:19:39.3250,-0.177,-0.964,0.168,0.994
2026-07-31 19:19:39.3350,-0.182,-0.964,0.168,0.995
2026-07-31 19:19:39.3460,-0.186,-0.966,0.168,0.998
2026-07-31 19:19:39.3600,-0.184,-0.966,0.167,0.997
2026-07-31 19:19:39.3650,-0.179,-0.966,0.166,0.996
2026-07-31 19:19:39.3910,-0.177,-0.97,0.166,1.0
2026-07-31 19:19:39.3910,-0.177,-0.97,0.166,1.0
2026-07-31 19:19:39.3950,-0.178,-0.969,0.167,0.999
2026-07-31 19:19:39.4100,-0.178,-0.968,0.169,0.999
2026-07-31 19:19:39.4150,-0.176,-0.97,0.171,1.001
2026-07-31 19:19:39.4250,-0.172,-0.974,0.173,1.004
2026-07-31 19:19:39.4350,-0.171,-0.977,0.174,1.007
2026-07-31 19:19:39.4460,-0.166,-0.978,0.173,1.007
2026-07-31 19:19:39.4600,-0.166,-0.981,0.171,1.01
2026-07-31 19:19:39.4650,-0.168,-0.982,0.168,1.01
2026-07-31 19:19:39.4920,-0.171,-0.976,0.165,1.005
2026-07-31 19:19:39.4920,-0.171,-0.976,0.165,1.005
2026-07-31 19:19:39.4950,-0.171,-0.972,0.164,1.0
2026-07-31 19:19:39.5100,-0.169,-0.969,0.162,0.997
2026-07-31 19:19:39.5150,-0.169,-0.97,0.159,0.997
2026-07-31 19:19:39.5260,-0.168,-0.967,0.16,0.994
2026-07-31 19:19:39.5350,-0.166,-0.964,0.164,0.992
2026-07-31 19:19:39.5460,-0.164,-0.959,0.166,0.987
2026-07-31 19:19:39.5600,-0.164,-0.956,0.167,0.984
2026-07-31 19:19:39.5660,-0.165,-0.953,0.168,0.982
2026-07-31 19:19:39.5910,-0.173,-0.954,0.168,0.984
2026-07-31 19:19:39.5910,-0.173,-0.954,0.168,0.984
2026-07-31 19:19:39.5950,-0.174,-0.96,0.169,0.99
2026-07-31 19:19:39.6100,-0.174,-0.964,0.17,0.994
2026-07-31 19:19:39.6150,-0.17,-0.968,0.169,0.997
2026-07-31 19:19:39.6260,-0.166,-0.973,0.166,1.001
2026-07-31 19:19:39.6360,-0.164,-0.977,0.166,1.004
2026-07-31 19:19:39.6460,-0.167,-0.978,0.166,1.006
2026-07-31 19:19:39.6610,-0.173,-0.978,0.165,1.007
2026-07-31 19:19:39.6660,-0.177,-0.979,0.166,1.009
2026-07-31 19:19:39.6920,-0.173,-0.974,0.163,1.003
2026-07-31 19:19:39.6920,-0.173,-0.974,0.163,1.003
2026-07-31 19:19:39.6950,-0.167,-0.971,0.162,0.998
2026-07-31 19:19:39.7120,-0.164,-0.97,0.161,0.997
2026-07-31 19:19:39.7150,-0.163,-0.968,0.163,0.995
2026-07-31 19:19:39.7260,-0.165,-0.967,0.166,0.995
2026-07-31 19:19:39.7360,-0.17,-0.967,0.167,0.996
2026-07-31 19:19:39.7460,-0.174,-0.968,0.17,0.998
2026-07-31 19:19:39.7600,-0.174,-0.966,0.173,0.997
2026-07-31 19:19:39.7660,-0.174,-0.965,0.174,0.996
2026-07-31 19:19:39.7900,-0.175,-0.965,0.172,0.996
2026-07-31 19:19:39.7900,-0.175,-0.965,0.172,0.996
2026-07-31 19:19:39.7960,-0.177,-0.966,0.17,0.997
2026-07-31 19:19:39.8100,-0.177,-0.964,0.17,0.995
2026-07-31 19:19:39.8160,-0.178,-0.967,0.172,0.998
2026-07-31 19:19:39.8260,-0.175,-0.967,0.173,0.998
2026-07-31 19:19:39.8360,-0.17,-0.967,0.172,0.997
2026-07-31 19:19:39.8460,-0.167,-0.968,0.173,0.997
2026-07-31 19:19:39.8600,-0.168,-0.97,0.175,1.0
2026-07-31 19:19:39.8660,-0.171,-0.969,0.177,1.0
2026-07-31 19:19:39.8910,-0.177,-0.97,0.179,1.002
2026-07-31 19:19:39.8920,-0.177,-0.97,0.179,1.002
2026-07-31 19:19:39.8960,-0.178,-0.968,0.178,1.0
2026-07-31 19:19:39.9090,-0.179,-0.967,0.179,1.0
2026-07-31 19:19:39.9160,-0.177,-0.964,0.176,0.996
2026-07-31 19:19:39.9260,-0.175,-0.964,0.175,0.995
2026-07-31 19:19:39.9360,-0.171,-0.964,0.174,0.994
2026-07-31 19:19:39.9460,-0.169,-0.964,0.173,0.994
2026-07-31 19:19:39.9620,-0.171,-0.966,0.175,0.997
2026-07-31 19:19:39.9660,-0.176,-0.969,0.177,1.001
2026-07-31 19:19:39.9930,-0.182,-0.971,0.188,1.006
2026-07-31 19:19:39.9940,-0.182,-0.971,0.188,1.006
2026-07-31 19:19:39.9950,-0.182,-0.973,0.191,1.008
2026-07-31 19:19:40.0100,-0.181,-0.974,0.193,1.009
2026-07-31 19:19:40.0160,-0.175,-0.972,0.194,1.007
2026-07-31 19:19:40.0260,-0.17,-0.968,0.189,1.001
2026-07-31 19:19:40.0360,-0.169,-0.966,0.18,0.997
2026-07-31 19:19:40.0460,-0.169,-0.969,0.172,0.999
2026-07-31 19:19:40.0610,-0.172,-0.971,0.169,1.0
2026-07-31 19:19:40.0660,-0.174,-0.973,0.17,1.003
2026-07-31 19:19:40.0910,-0.177,-0.968,0.186,1.001
2026-07-31 19:19:40.0920,-0.177,-0.968,0.186,1.001
2026-07-31 19:19:40.0960,-0.172,-0.962,0.19,0.996
2026-07-31 19:19:40.1100,-0.17,-0.96,0.189,0.993
2026-07-31 19:19:40.1160,-0.174,-0.964,0.191,0.998
2026-07-31 19:19:40.1260,-0.181,-0.968,0.191,1.003
2026-07-31 19:19:40.1360,-0.183,-0.97,0.189,1.005
2026-07-31 19:19:40.1460,-0.181,-0.969,0.184,1.003
2026-07-31 19:19:40.1610,-0.178,-0.969,0.181,1.002
2026-07-31 19:19:40.1660,-0.177,-0.97,0.178,1.002
2026-07-31 19:19:40.1910,-0.175,-0.972,0.177,1.003
2026-07-31 19:19:40.1910,-0.175,-0.972,0.177,1.003
2026-07-31 19:19:40.1960,-0.174,-0.97,0.179,1.002
2026-07-31 19:19:40.2100,-0.173,-0.967,0.183,0.999
2026-07-31 19:19:40.2160,-0.171,-0.965,0.186,0.998
2026-07-31 19:19:40.2260,-0.171,-0.962,0.188,0.995
2026-07-31 19:19:40.2360,-0.171,-0.961,0.187,0.994
2026-07-31 19:19:40.2460,-0.174,-0.961,0.183,0.994
2026-07-31 19:19:40.2620,-0.178,-0.962,0.179,0.995
2026-07-31 19:19:40.2660,-0.184,-0.962,0.176,0.995
2026-07-31 19:19:40.2920,-0.183,-0.968,0.172,1.0
2026-07-31 19:19:40.2920,-0.183,-0.968,0.172,1.0
2026-07-31 19:19:40.2960,-0.18,-0.971,0.172,1.002
2026-07-31 19:19:40.3080,-0.176,-0.974,0.174,1.005
2026-07-31 19:19:40.3160,-0.173,-0.974,0.179,1.005
2026-07-31 19:19:40.3270,-0.171,-0.971,0.184,1.003
2026-07-31 19:19:40.3360,-0.173,-0.97,0.187,1.003
2026-07-31 19:19:40.3470,-0.176,-0.967,0.19,1.001
2026-07-31 19:19:40.3610,-0.177,-0.962,0.189,0.996
2026-07-31 19:19:40.3670,-0.178,-0.96,0.187,0.994
2026-07-31 19:19:40.3900,-0.177,-0.959,0.18,0.992
2026-07-31 19:19:40.3900,-0.177,-0.959,0.18,0.992
2026-07-31 19:19:40.3960,-0.174,-0.96,0.175,0.991
2026-07-31 19:19:40.4090,-0.173,-0.962,0.172,0.992
2026-07-31 19:19:40.4160,-0.173,-0.964,0.171,0.994
2026-07-31 19:19:40.4260,-0.173,-0.967,0.171,0.997
2026-07-31 19:19:40.4380,-0.176,-0.969,0.175,1.0
2026-07-31 19:19:40.4470,-0.179,-0.973,0.18,1.006
2026-07-31 19:19:40.4610,-0.18,-0.975,0.182,1.008
2026-07-31 19:19:40.4670,-0.178,-0.974,0.184,1.007
2026-07-31 19:19:40.4900,-0.179,-0.97,0.182,1.003
2026-07-31 19:19:40.4900,-0.179,-0.97,0.182,1.003
2026-07-31 19:19:40.4970,-0.177,-0.971,0.18,1.003
2026-07-31 19:19:40.5090,-0.176,-0.969,0.18,1.001
2026-07-31 19:19:40.5170,-0.173,-0.967,0.177,0.998
2026-07-31 19:19:40.5270,-0.172,-0.966,0.177,0.997
2026-07-31 19:19:40.5380,-0.17,-0.966,0.178,0.997
2026-07-31 19:19:40.5470,-0.167,-0.963,0.178,0.993
2026-07-31 19:19:40.5570,-0.165,-0.964,0.18,0.994
2026-07-31 19:19:40.5670,-0.165,-0.963,0.183,0.994
2026-07-31 19:19:40.5900,-0.172,-0.965,0.185,0.998
2026-07-31 19:19:40.5900,-0.172,-0.965,0.185,0.998
2026-07-31 19:19:40.5960,-0.174,-0.965,0.186,0.998
2026-07-31 19:19:40.6090,-0.177,-0.966,0.188,1.0
2026-07-31 19:19:40.6170,-0.177,-0.967,0.191,1.001
2026-07-31 19:19:40.6270,-0.176,-0.968,0.191,1.002
2026-07-31 19:19:40.6380,-0.174,-0.969,0.191,1.003
2026-07-31 19:19:40.6470,-0.17,-0.969,0.19,1.002
2026-07-31 19:19:40.6630,-0.168,-0.97,0.188,1.002
2026-07-31 19:19:40.6670,-0.165,-0.971,0.188,1.003
2026-07-31 19:19:40.6930,-0.162,-0.971,0.19,1.003
2026-07-31 19:19:40.6930,-0.162,-0.971,0.19,1.003
2026-07-31 19:19:40.6970,-0.163,-0.972,0.192,1.004
2026-07-31 19:19:40.7100,-0.163,-0.971,0.192,1.003
2026-07-31 19:19:40.7170,-0.162,-0.971,0.192,1.003
2026-07-31 19:19:40.7270,-0.163,-0.967,0.192,0.999
2026-07-31 19:19:40.7380,-0.167,-0.967,0.189,0.999
2026-07-31 19:19:40.7470,-0.172,-0.966,0.189,0.999
2026-07-31 19:19:40.7610,-0.172,-0.964,0.188,0.997
2026-07-31 19:19:40.7670,-0.173,-0.963,0.185,0.996
2026-07-31 19:19:40.7900,-0.173,-0.966,0.187,0.999
2026-07-31 19:19:40.7900,-0.173,-0.966,0.187,0.999
2026-07-31 19:19:40.7970,-0.174,-0.968,0.188,1.001
2026-07-31 19:19:40.8110,-0.174,-0.968,0.193,1.002
2026-07-31 19:19:40.8170,-0.175,-0.967,0.195,1.002
2026-07-31 19:19:40.8280,-0.172,-0.963,0.198,0.998
2026-07-31 19:19:40.8390,-0.169,-0.96,0.196,0.994
2026-07-31 19:19:40.8470,-0.169,-0.959,0.191,0.992
2026-07-31 19:19:40.8630,-0.17,-0.962,0.185,0.994
2026-07-31 19:19:40.8670,-0.168,-0.964,0.179,0.995
2026-07-31 19:19:40.8930,-0.175,-0.977,0.177,1.008
2026-07-31 19:19:40.8930,-0.175,-0.977,0.177,1.008
2026-07-31 19:19:40.8970,-0.178,-0.977,0.186,1.01
2026-07-31 19:19:40.9100,-0.176,-0.971,0.193,1.006
2026-07-31 19:19:40.9170,-0.173,-0.969,0.197,1.004
2026-07-31 19:19:40.9280,-0.174,-0.97,0.199,1.005
2026-07-31 19:19:40.9380,-0.176,-0.973,0.197,1.008
2026-07-31 19:19:40.9470,-0.176,-0.972,0.193,1.006
2026-07-31 19:19:40.9640,-0.173,-0.971,0.187,1.004
2026-07-31 19:19:40.9680,-0.17,-0.967,0.179,0.998
2026-07-31 19:19:40.9930,-0.172,-0.965,0.178,0.996
2026-07-31 19:19:40.9930,-0.172,-0.965,0.178,0.996
2026-07-31 19:19:40.9970,-0.174,-0.966,0.181,0.998
2026-07-31 19:19:41.0110,-0.173,-0.965,0.184,0.998
2026-07-31 19:19:41.0170,-0.174,-0.963,0.19,0.997
2026-07-31 19:19:41.0280,-0.171,-0.964,0.193,0.998
2026-07-31 19:19:41.0380,-0.171,-0.96,0.194,0.994
2026-07-31 19:19:41.0480,-0.17,-0.959,0.19,0.992
2026-07-31 19:19:41.0630,-0.174,-0.958,0.187,0.991
2026-07-31 19:19:41.0680,-0.177,-0.959,0.182,0.992
2026-07-31 19:19:41.0910,-0.176,-0.962,0.174,0.993
2026-07-31 19:19:41.0910,-0.176,-0.962,0.174,0.993
2026-07-31 19:19:41.0970,-0.175,-0.965,0.172,0.996
2026-07-31 19:19:41.1100,-0.173,-0.971,0.173,1.001
2026-07-31 19:19:41.1170,-0.169,-0.972,0.175,1.002
2026-07-31 19:19:41.1280,-0.168,-0.975,0.178,1.005
2026-07-31 19:19:41.1380,-0.168,-0.973,0.183,1.004
2026-07-31 19:19:41.1480,-0.169,-0.969,0.184,1.001
2026-07-31 19:19:41.1640,-0.172,-0.968,0.185,1.0
2026-07-31 19:19:41.1680,-0.175,-0.965,0.185,0.998
2026-07-31 19:19:41.1900,-0.175,-0.962,0.179,0.994
2026-07-31 19:19:41.1900,-0.175,-0.962,0.179,0.994
2026-07-31 19:19:41.1980,-0.174,-0.96,0.175,0.991
2026-07-31 19:19:41.2110,-0.169,-0.961,0.172,0.991
2026-07-31 19:19:41.2180,-0.166,-0.961,0.172,0.99
2026-07-31 19:19:41.2280,-0.162,-0.963,0.171,0.991
2026-07-31 19:19:41.2390,-0.161,-0.965,0.174,0.994
2026-07-31 19:19:41.2480,-0.162,-0.965,0.176,0.994
2026-07-31 19:19:41.2630,-0.165,-0.968,0.177,0.998
2026-07-31 19:19:41.2680,-0.168,-0.968,0.178,0.998
2026-07-31 19:19:41.2920,-0.17,-0.977,0.177,1.007
2026-07-31 19:19:41.2920,-0.17,-0.977,0.177,1.007
2026-07-31 19:19:41.2980,-0.171,-0.979,0.179,1.01
2026-07-31 19:19:41.3110,-0.171,-0.98,0.182,1.011
2026-07-31 19:19:41.3180,-0.167,-0.98,0.184,1.011
2026-07-31 19:19:41.3280,-0.166,-0.977,0.185,1.008
2026-07-31 19:19:41.3380,-0.166,-0.973,0.184,1.004
2026-07-31 19:19:41.3480,-0.166,-0.966,0.185,0.997
2026-07-31 19:19:41.3640,-0.164,-0.962,0.183,0.993
2026-07-31 19:19:41.3680,-0.164,-0.961,0.181,0.992
2026-07-31 19:19:41.3920,-0.158,-0.963,0.18,0.992
2026-07-31 19:19:41.3920,-0.158,-0.963,0.18,0.992
2026-07-31 19:19:41.3980,-0.157,-0.963,0.178,0.992
2026-07-31 19:19:41.4110,-0.155,-0.968,0.179,0.997
2026-07-31 19:19:41.4180,-0.158,-0.97,0.178,0.999
2026-07-31 19:19:41.4280,-0.163,-0.973,0.179,1.003
2026-07-31 19:19:41.4390,-0.167,-0.973,0.183,1.004
2026-07-31 19:19:41.4490,-0.168,-0.971,0.186,1.003
2026-07-31 19:19:41.4630,-0.169,-0.968,0.188,1.0
2026-07-31 19:19:41.4680,-0.169,-0.967,0.187,0.999
2026-07-31 19:19:41.4910,-0.162,-0.966,0.187,0.997
2026-07-31 19:19:41.4910,-0.162,-0.966,0.187,0.997
2026-07-31 19:19:41.4980,-0.157,-0.966,0.185,0.996
2026-07-31 19:19:41.5110,-0.156,-0.966,0.184,0.996
2026-07-31 19:19:41.5180,-0.158,-0.97,0.183,1.0
2026-07-31 19:19:41.5280,-0.163,-0.971,0.184,1.002
2026-07-31 19:19:41.5390,-0.165,-0.972,0.186,1.003
2026-07-31 19:19:41.5490,-0.167,-0.974,0.188,1.006
2026-07-31 19:19:41.5640,-0.165,-0.974,0.188,1.006
2026-07-31 19:19:41.5690,-0.164,-0.973,0.186,1.004
2026-07-31 19:19:41.5930,-0.162,-0.972,0.181,1.002
2026-07-31 19:19:41.5930,-0.162,-0.972,0.181,1.002
2026-07-31 19:19:41.5980,-0.162,-0.969,0.182,0.999
2026-07-31 19:19:41.6110,-0.166,-0.964,0.184,0.995
2026-07-31 19:19:41.6180,-0.166,-0.96,0.189,0.992
2026-07-31 19:19:41.6280,-0.166,-0.958,0.19,0.991
2026-07-31 19:19:41.6380,-0.167,-0.958,0.192,0.991
2026-07-31 19:19:41.6480,-0.167,-0.957,0.19,0.99
2026-07-31 19:19:41.6640,-0.167,-0.956,0.187,0.988
2026-07-31 19:19:41.6690,-0.166,-0.959,0.182,0.99
2026-07-31 19:19:41.6930,-0.168,-0.97,0.178,1.0
2026-07-31 19:19:41.6940,-0.168,-0.97,0.178,1.0
2026-07-31 19:19:41.6980,-0.17,-0.972,0.177,1.003
2026-07-31 19:19:41.7110,-0.171,-0.974,0.179,1.005
2026-07-31 19:19:41.7180,-0.169,-0.974,0.184,1.006
2026-07-31 19:19:41.7290,-0.168,-0.97,0.189,1.002
2026-07-31 19:19:41.7390,-0.165,-0.965,0.191,0.997
2026-07-31 19:19:41.7490,-0.163,-0.962,0.19,0.994
2026-07-31 19:19:41.7650,-0.166,-0.965,0.188,0.997
2026-07-31 19:19:41.7690,-0.17,-0.97,0.185,1.002
2026-07-31 19:19:41.7920,-0.179,-0.977,0.179,1.009
2026-07-31 19:19:41.7930,-0.179,-0.977,0.179,1.009
2026-07-31 19:19:41.7980,-0.179,-0.975,0.178,1.007
2026-07-31 19:19:41.8110,-0.176,-0.974,0.179,1.006
2026-07-31 19:19:41.8180,-0.174,-0.969,0.183,1.001
2026-07-31 19:19:41.8290,-0.172,-0.965,0.187,0.998
2026-07-31 19:19:41.8390,-0.172,-0.961,0.191,0.995
2026-07-31 19:19:41.8480,-0.172,-0.957,0.194,0.991
2026-07-31 19:19:41.8650,-0.17,-0.955,0.196,0.99
2026-07-31 19:19:41.8690,-0.169,-0.955,0.193,0.989
2026-07-31 19:19:41.8920,-0.166,-0.962,0.183,0.993
2026-07-31 19:19:41.8920,-0.166,-0.962,0.183,0.993
2026-07-31 19:19:41.8990,-0.168,-0.97,0.179,1.001
2026-07-31 19:19:41.9120,-0.168,-0.976,0.178,1.006
2026-07-31 19:19:41.9180,-0.168,-0.981,0.177,1.011
2026-07-31 19:19:41.9290,-0.169,-0.982,0.181,1.013
2026-07-31 19:19:41.9390,-0.17,-0.979,0.185,1.011
2026-07-31 19:19:41.9490,-0.17,-0.975,0.189,1.008
2026-07-31 19:19:41.9640,-0.169,-0.968,0.19,1.001
2026-07-31 19:19:41.9690,-0.169,-0.964,0.189,0.997
2026-07-31 19:19:41.9920,-0.168,-0.961,0.186,0.993
2026-07-31 19:19:41.9920,-0.168,-0.961,0.186,0.993
2026-07-31 19:19:41.9990,-0.165,-0.961,0.18,0.992
2026-07-31 19:19:42.0110,-0.162,-0.963,0.178,0.993
2026-07-31 19:19:42.0190,-0.162,-0.966,0.177,0.995
2026-07-31 19:19:42.0290,-0.16,-0.97,0.179,0.999
2026-07-31 19:19:42.0390,-0.16,-0.971,0.18,1.0
2026-07-31 19:19:42.0490,-0.161,-0.973,0.183,1.003
2026-07-31 19:19:42.0650,-0.162,-0.972,0.186,1.003
2026-07-31 19:19:42.0690,-0.164,-0.97,0.186,1.001
2026-07-31 19:19:42.0910,-0.164,-0.966,0.181,0.996
2026-07-31 19:19:42.0910,-0.164,-0.966,0.181,0.996
2026-07-31 19:19:42.0990,-0.162,-0.962,0.177,0.991
2026-07-31 19:19:42.1110,-0.162,-0.962,0.174,0.991
2026-07-31 19:19:42.1190,-0.164,-0.964,0.174,0.993
2026-07-31 19:19:42.1290,-0.165,-0.968,0.178,0.998
2026-07-31 19:19:42.1390,-0.164,-0.969,0.183,1.0
2026-07-31 19:19:42.1490,-0.164,-0.971,0.187,1.002
2026-07-31 19:19:42.1640,-0.164,-0.973,0.187,1.004
2026-07-31 19:19:42.1690,-0.164,-0.977,0.187,1.008
2026-07-31 19:19:42.1920,-0.163,-0.975,0.185,1.006
2026-07-31 19:19:42.1920,-0.163,-0.975,0.185,1.006
2026-07-31 19:19:42.1990,-0.163,-0.971,0.182,1.001
2026-07-31 19:19:42.2110,-0.16,-0.97,0.18,0.999
2026-07-31 19:19:42.2190,-0.16,-0.969,0.178,0.998
2026-07-31 19:19:42.2290,-0.162,-0.966,0.179,0.996
2026-07-31 19:19:42.2390,-0.162,-0.965,0.179,0.995
2026-07-31 19:19:42.2500,-0.166,-0.965,0.18,0.996
2026-07-31 19:19:42.2650,-0.167,-0.965,0.182,0.996
2026-07-31 19:19:42.2690,-0.169,-0.966,0.184,0.998
2026-07-31 19:19:42.2900,-0.17,-0.968,0.186,1.0
2026-07-31 19:19:42.2900,-0.17,-0.968,0.186,1.0
2026-07-31 19:19:42.2990,-0.166,-0.966,0.183,0.997
2026-07-31 19:19:42.3120,-0.165,-0.967,0.18,0.997
2026-07-31 19:19:42.3190,-0.164,-0.968,0.179,0.998
2026-07-31 19:19:42.3300,-0.163,-0.967,0.179,0.997
2026-07-31 19:19:42.3390,-0.164,-0.966,0.181,0.996
2026-07-31 19:19:42.3490,-0.164,-0.964,0.183,0.995
2026-07-31 19:19:42.3650,-0.165,-0.964,0.186,0.996
2026-07-31 19:19:42.3700,-0.167,-0.966,0.191,0.999
2026-07-31 19:19:42.3950,-0.173,-0.966,0.191,1.0
2026-07-31 19:19:42.3950,-0.173,-0.966,0.191,1.0
2026-07-31 19:19:42.3990,-0.177,-0.968,0.188,1.002
2026-07-31 19:19:42.4120,-0.178,-0.97,0.186,1.004
2026-07-31 19:19:42.4190,-0.18,-0.971,0.185,1.005
2026-07-31 19:19:42.4300,-0.178,-0.974,0.184,1.007
2026-07-31 19:19:42.4390,-0.178,-0.977,0.184,1.01
2026-07-31 19:19:42.4500,-0.174,-0.973,0.186,1.006
2026-07-31 19:19:42.4650,-0.168,-0.969,0.185,1.001
2026-07-31 19:19:42.4700,-0.167,-0.965,0.182,0.996
2026-07-31 19:19:42.4940,-0.165,-0.965,0.18,0.995
2026-07-31 19:19:42.4940,-0.165,-0.965,0.18,0.995
2026-07-31 19:19:42.4990,-0.167,-0.969,0.18,1.0
2026-07-31 19:19:42.5120,-0.17,-0.973,0.183,1.005
2026-07-31 19:19:42.5190,-0.17,-0.972,0.188,1.005
2026-07-31 19:19:42.5300,-0.169,-0.969,0.19,1.002
2026-07-31 19:19:42.5400,-0.165,-0.964,0.19,0.996
2026-07-31 19:19:42.5500,-0.163,-0.963,0.187,0.994
2026-07-31 19:19:42.5650,-0.165,-0.967,0.185,0.998
2026-07-31 19:19:42.5700,-0.167,-0.971,0.183,1.002
2026-07-31 19:19:42.5900,-0.168,-0.973,0.177,1.003
2026-07-31 19:19:42.5910,-0.168,-0.973,0.177,1.003
2026-07-31 19:19:42.5990,-0.163,-0.972,0.176,1.001
2026-07-31 19:19:42.6120,-0.16,-0.971,0.177,1.0
2026-07-31 19:19:42.6190,-0.162,-0.97,0.18,1.0
2026-07-31 19:19:42.6290,-0.162,-0.968,0.185,0.999
2026-07-31 19:19:42.6400,-0.162,-0.965,0.189,0.997
2026-07-31 19:19:42.6500,-0.16,-0.962,0.191,0.994
2026-07-31 19:19:42.6650,-0.16,-0.962,0.19,0.994
2026-07-31 19:19:42.6700,-0.161,-0.96,0.188,0.991
2026-07-31 19:19:42.6910,-0.162,-0.96,0.179,0.99
2026-07-31 19:19:42.6910,-0.162,-0.96,0.179,0.99
2026-07-31 19:19:42.7000,-0.164,-0.963,0.176,0.993
2026-07-31 19:19:42.7120,-0.164,-0.968,0.172,0.997
2026-07-31 19:19:42.7200,-0.164,-0.972,0.173,1.001
2026-07-31 19:19:42.7300,-0.162,-0.975,0.176,1.004
2026-07-31 19:19:42.7400,-0.159,-0.976,0.18,1.005
2026-07-31 19:19:42.7500,-0.157,-0.975,0.182,1.004
2026-07-31 19:19:42.7660,-0.155,-0.972,0.183,1.001
2026-07-31 19:19:42.7700,-0.155,-0.969,0.18,0.998
2026-07-31 19:19:42.7930,-0.155,-0.968,0.178,0.996
2026-07-31 19:19:42.7930,-0.155,-0.968,0.178,0.996
2026-07-31 19:19:42.8000,-0.157,-0.969,0.177,0.997
2026-07-31 19:19:42.8110,-0.16,-0.969,0.176,0.998
2026-07-31 19:19:42.8200,-0.16,-0.97,0.176,0.999
2026-07-31 19:19:42.8300,-0.16,-0.973,0.176,1.002
2026-07-31 19:19:42.8400,-0.163,-0.972,0.177,1.001
2026-07-31 19:19:42.8500,-0.164,-0.973,0.18,1.003
2026-07-31 19:19:42.8660,-0.166,-0.973,0.181,1.004
2026-07-31 19:19:42.8700,-0.165,-0.968,0.18,0.998
2026-07-31 19:19:42.8920,-0.162,-0.965,0.176,0.994
2026-07-31 19:19:42.8920,-0.162,-0.965,0.176,0.994
2026-07-31 19:19:42.9000,-0.162,-0.966,0.175,0.995
2026-07-31 19:19:42.9110,-0.161,-0.964,0.174,0.993
2026-07-31 19:19:42.9200,-0.162,-0.964,0.175,0.993
2026-07-31 19:19:42.9300,-0.162,-0.965,0.177,0.994
2026-07-31 19:19:42.9400,-0.164,-0.968,0.179,0.998
2026-07-31 19:19:42.9500,-0.166,-0.975,0.182,1.006
2026-07-31 19:19:42.9660,-0.169,-0.977,0.183,1.008
2026-07-31 19:19:42.9700,-0.17,-0.976,0.184,1.008
2026-07-31 19:19:42.9940,-0.17,-0.975,0.18,1.006
2026-07-31 19:19:42.9940,-0.17,-0.975,0.18,1.006
2026-07-31 19:19:43.0000,-0.172,-0.974,0.178,1.005
2026-07-31 19:19:43.0110,-0.174,-0.972,0.178,1.003
2026-07-31 19:19:43.0200,-0.171,-0.97,0.178,1.001
2026-07-31 19:19:43.0300,-0.168,-0.966,0.176,0.996
2026-07-31 19:19:43.0400,-0.163,-0.966,0.179,0.996
2026-07-31 19:19:43.0510,-0.162,-0.969,0.181,0.999
2026-07-31 19:19:43.0660,-0.163,-0.968,0.184,0.999
2026-07-31 19:19:43.0700,-0.163,-0.968,0.186,0.999
2026-07-31 19:19:43.0940,-0.163,-0.964,0.189,0.996
2026-07-31 19:19:43.0950,-0.163,-0.964,0.189,0.996
2026-07-31 19:19:43.1000,-0.164,-0.962,0.187,0.994
2026-07-31 19:19:43.1120,-0.166,-0.966,0.183,0.997
2026-07-31 19:19:43.1200,-0.166,-0.968,0.179,0.998
2026-07-31 19:19:43.1300,-0.166,-0.969,0.176,0.999
2026-07-31 19:19:43.1410,-0.165,-0.971,0.174,1.0
2026-07-31 19:19:43.1510,-0.162,-0.973,0.176,1.002
2026-07-31 19:19:43.1660,-0.162,-0.973,0.181,1.003
2026-07-31 19:19:43.1710,-0.164,-0.973,0.185,1.004
2026-07-31 19:19:43.1950,-0.171,-0.969,0.193,1.003
2026-07-31 19:19:43.1950,-0.171,-0.969,0.193,1.003
2026-07-31 19:19:43.2000,-0.171,-0.968,0.194,1.002
2026-07-31 19:19:43.2110,-0.166,-0.967,0.192,1.0
2026-07-31 19:19:43.2200,-0.163,-0.968,0.188,0.999
2026-07-31 19:19:43.2300,-0.159,-0.969,0.183,0.999
2026-07-31 19:19:43.2410,-0.158,-0.966,0.18,0.995
2026-07-31 19:19:43.2510,-0.159,-0.966,0.177,0.995
2026-07-31 19:19:43.2660,-0.159,-0.969,0.176,0.998
2026-07-31 19:19:43.2710,-0.161,-0.975,0.177,1.004
2026-07-31 19:19:43.2930,-0.168,-0.98,0.185,1.011
2026-07-31 19:19:43.2930,-0.168,-0.98,0.185,1.011
2026-07-31 19:19:43.3000,-0.169,-0.98,0.193,1.013
2026-07-31 19:19:43.3110,-0.167,-0.973,0.2,1.007
2026-07-31 19:19:43.3200,-0.161,-0.965,0.198,0.998
2026-07-31 19:19:43.3310,-0.156,-0.96,0.19,0.991
2026-07-31 19:19:43.3410,-0.154,-0.958,0.179,0.987
2026-07-31 19:19:43.3510,-0.156,-0.962,0.173,0.99
2026-07-31 19:19:43.3660,-0.16,-0.965,0.168,0.992
2026-07-31 19:19:43.3700,-0.16,-0.965,0.164,0.992
2026-07-31 19:19:43.3950,-0.152,-0.96,0.169,0.987
2026-07-31 19:19:43.3950,-0.152,-0.96,0.169,0.987
2026-07-31 19:19:43.4000,-0.151,-0.964,0.175,0.991
2026-07-31 19:19:43.4120,-0.153,-0.966,0.183,0.995
2026-07-31 19:19:43.4200,-0.154,-0.965,0.191,0.996
2026-07-31 19:19:43.4310,-0.153,-0.966,0.196,0.997
2026-07-31 19:19:43.4410,-0.155,-0.966,0.199,0.998
2026-07-31 19:19:43.4510,-0.157,-0.967,0.199,1.0
2026-07-31 19:19:43.4670,-0.159,-0.974,0.198,1.007
2026-07-31 19:19:43.4940,-0.168,-1.0,0.197,1.033
2026-07-31 19:19:43.4950,-0.168,-1.0,0.197,1.033
2026-07-31 19:19:43.4950,-0.168,-1.0,0.197,1.033
2026-07-31 19:19:43.5010,-0.172,-1.008,0.204,1.043
2026-07-31 19:19:43.5120,-0.173,-1.013,0.215,1.05
2026-07-31 19:19:43.5220,-0.173,-1.015,0.225,1.054
2026-07-31 19:19:43.5310,-0.175,-1.015,0.237,1.057
2026-07-31 19:19:43.5410,-0.176,-1.013,0.247,1.057
2026-07-31 19:19:43.5510,-0.174,-1.011,0.254,1.057
2026-07-31 19:19:43.5670,-0.167,-1.012,0.256,1.057
2026-07-31 19:19:43.5930,-0.13,-1.015,0.21,1.045
2026-07-31 19:19:43.5930,-0.13,-1.015,0.21,1.045
2026-07-31 19:19:43.5930,-0.13,-1.015,0.21,1.045
2026-07-31 19:19:43.6010,-0.118,-1.025,0.179,1.047
2026-07-31 19:19:43.6120,-0.115,-1.045,0.145,1.061
2026-07-31 19:19:43.6220,-0.114,-1.078,0.113,1.09
2026-07-31 19:19:43.6310,-0.113,-1.12,0.081,1.129
2026-07-31 19:19:43.6410,-0.108,-1.159,0.045,1.165
2026-07-31 19:19:43.6510,-0.095,-1.188,0.01,1.192
2026-07-31 19:19:43.6670,-0.082,-1.215,-0.018,1.218
2026-07-31 19:19:43.6930,-0.125,-1.4,-0.094,1.409
2026-07-31 19:19:43.6930,-0.125,-1.4,-0.094,1.409
2026-07-31 19:19:43.6930,-0.125,-1.4,-0.094,1.409
2026-07-31 19:19:43.7010,-0.163,-1.505,-0.094,1.517
2026-07-31 19:19:43.7120,-0.215,-1.583,-0.059,1.599
2026-07-31 19:19:43.7220,-0.281,-1.577,0.018,1.602
2026-07-31 19:19:43.7310,-0.317,-1.479,0.127,1.518
2026-07-31 19:19:43.7410,-0.313,-1.324,0.25,1.383
2026-07-31 19:19:43.7520,-0.276,-1.166,0.349,1.248
2026-07-31 19:19:43.7670,-0.235,-1.043,0.419,1.148
2026-07-31 19:19:43.7930,-0.128,-0.807,0.478,0.947
2026-07-31 19:19:43.7930,-0.128,-0.807,0.478,0.947
2026-07-31 19:19:43.7940,-0.128,-0.807,0.478,0.947
2026-07-31 19:19:43.8010,-0.093,-0.774,0.454,0.902
2026-07-31 19:19:43.8120,-0.076,-0.767,0.4,0.868
2026-07-31 19:19:43.8220,-0.083,-0.774,0.329,0.845
2026-07-31 19:19:43.8310,-0.098,-0.804,0.256,0.849
2026-07-31 19:19:43.8420,-0.119,-0.842,0.195,0.872
2026-07-31 19:19:43.8520,-0.145,-0.866,0.152,0.891
2026-07-31 19:19:43.8670,-0.193,-0.901,0.133,0.931
2026-07-31 19:19:43.8950,-0.424,-1.026,0.199,1.128
2026-07-31 19:19:43.8950,-0.424,-1.026,0.199,1.128
2026-07-31 19:19:43.8950,-0.424,-1.026,0.199,1.128
2026-07-31 19:19:43.9010,-0.459,-1.06,0.234,1.179
2026-07-31 19:19:43.9120,-0.445,-1.063,0.274,1.185
2026-07-31 19:19:43.9220,-0.377,-1.041,0.331,1.156
2026-07-31 19:19:43.9310,-0.288,-1.023,0.39,1.132
2026-07-31 19:19:43.9420,-0.205,-1.02,0.444,1.131
2026-07-31 19:19:43.9520,-0.149,-1.037,0.489,1.156
2026-07-31 19:19:43.9670,-0.121,-1.065,0.532,1.197
2026-07-31 19:19:43.9950,-0.186,-1.189,0.616,1.352
2026-07-31 19:19:43.9950,-0.186,-1.189,0.616,1.352
2026-07-31 19:19:43.9950,-0.186,-1.189,0.616,1.352
2026-07-31 19:19:44.0010,-0.239,-1.228,0.61,1.392
2026-07-31 19:19:44.0120,-0.273,-1.264,0.602,1.426
2026-07-31 19:19:44.0220,-0.278,-1.287,0.588,1.442
2026-07-31 19:19:44.0320,-0.269,-1.301,0.567,1.444
2026-07-31 19:19:44.0420,-0.268,-1.307,0.534,1.437
2026-07-31 19:19:44.0520,-0.285,-1.294,0.504,1.418
2026-07-31 19:19:44.0680,-0.306,-1.269,0.476,1.389
2026-07-31 19:19:44.0950,-0.371,-1.187,0.382,1.301
2026-07-31 19:19:44.0950,-0.371,-1.187,0.382,1.301
2026-07-31 19:19:44.0950,-0.371,-1.187,0.382,1.301
2026-07-31 19:19:44.1010,-0.355,-1.182,0.341,1.28
2026-07-31 19:19:44.1110,-0.31,-1.188,0.293,1.262
2026-07-31 19:19:44.1220,-0.237,-1.197,0.203,1.237
2026-07-31 19:19:44.1320,-0.159,-1.192,0.1,1.207
2026-07-31 19:19:44.1420,-0.09,-1.175,-0.007,1.178
2026-07-31 19:19:44.1520,-0.051,-1.147,-0.097,1.152
2026-07-31 19:19:44.1670,-0.076,-1.118,-0.152,1.131
2026-07-31 19:19:44.1930,-0.266,-1.112,-0.077,1.146
2026-07-31 19:19:44.1930,-0.266,-1.112,-0.077,1.146
2026-07-31 19:19:44.1940,-0.266,-1.112,-0.077,1.146
2026-07-31 19:19:44.2020,-0.27,-1.129,-0.032,1.161
2026-07-31 19:19:44.2120,-0.225,-1.143,-0.016,1.165
2026-07-31 19:19:44.2220,-0.146,-1.144,-0.044,1.154
2026-07-31 19:19:44.2320,-0.072,-1.133,-0.111,1.141
2026-07-31 19:19:44.2420,-0.027,-1.105,-0.2,1.123
2026-07-31 19:19:44.2520,-0.005,-1.063,-0.284,1.1
2026-07-31 19:19:44.2680,-0.007,-1.015,-0.36,1.077
2026-07-31 19:19:44.2930,0.004,-0.901,-0.491,1.026
2026-07-31 19:19:44.2940,0.004,-0.901,-0.491,1.026
2026-07-31 19:19:44.2940,0.004,-0.901,-0.491,1.026
2026-07-31 19:19:44.3020,0.006,-0.89,-0.507,1.024
2026-07-31 19:19:44.3120,-0.011,-0.885,-0.523,1.028
2026-07-31 19:19:44.3220,-0.035,-0.879,-0.542,1.033
2026-07-31 19:19:44.3320,-0.037,-0.873,-0.55,1.032
2026-07-31 19:19:44.3420,-0.035,-0.876,-0.534,1.027
2026-07-31 19:19:44.3520,-0.026,-0.864,-0.491,0.994
2026-07-31 19:19:44.3680,-0.017,-0.845,-0.448,0.957
2026-07-31 19:19:44.3930,0.001,-0.723,-0.459,0.856
2026-07-31 19:19:44.3930,0.001,-0.723,-0.459,0.856
2026-07-31 19:19:44.3940,0.001,-0.723,-0.459,0.856
2026-07-31 19:19:44.4020,0.026,-0.671,-0.479,0.825
2026-07-31 19:19:44.4120,0.038,-0.642,-0.459,0.79
2026-07-31 19:19:44.4220,0.024,-0.631,-0.397,0.746
2026-07-31 19:19:44.4320,0.034,-0.608,-0.315,0.686
2026-07-31 19:19:44.4420,0.047,-0.593,-0.29,0.662
2026-07-31 19:19:44.4520,0.062,-0.581,-0.31,0.661
2026-07-31 19:19:44.4680,0.11,-0.597,-0.294,0.674
2026-07-31 19:19:44.4920,0.218,-0.665,-0.162,0.718
2026-07-31 19:19:44.4930,0.218,-0.665,-0.162,0.718
2026-07-31 19:19:44.4930,0.218,-0.665,-0.162,0.718
2026-07-31 19:19:44.5020,0.187,-0.665,-0.181,0.714
2026-07-31 19:19:44.5120,0.132,-0.658,-0.187,0.697
2026-07-31 19:19:44.5220,0.092,-0.646,-0.176,0.676
2026-07-31 19:19:44.5320,0.082,-0.634,-0.189,0.667
2026-07-31 19:19:44.5420,0.074,-0.635,-0.204,0.671
2026-07-31 19:19:44.5520,0.058,-0.654,-0.205,0.688
2026-07-31 19:19:44.5680,0.076,-0.663,-0.229,0.706
2026-07-31 19:19:44.5950,0.151,-0.728,-0.305,0.804
2026-07-31 19:19:44.5950,0.151,-0.728,-0.305,0.804
2026-07-31 19:19:44.5950,0.151,-0.728,-0.305,0.804
2026-07-31 19:19:44.6020,0.138,-0.744,-0.283,0.808
2026-07-31 19:19:44.6120,0.139,-0.733,-0.301,0.804
2026-07-31 19:19:44.6220,0.137,-0.711,-0.325,0.794
2026-07-31 19:19:44.6330,0.107,-0.709,-0.32,0.785
2026-07-31 19:19:44.6430,0.094,-0.702,-0.318,0.776
2026-07-31 19:19:44.6520,0.112,-0.679,-0.309,0.754
2026-07-31 19:19:44.6680,0.137,-0.663,-0.285,0.735
2026-07-31 19:19:44.6960,0.135,-0.6,-0.174,0.639
2026-07-31 19:19:44.6970,0.135,-0.6,-0.174,0.639
2026-07-31 19:19:44.6970,0.135,-0.6,-0.174,0.639
2026-07-31 19:19:44.7020,0.108,-0.569,-0.195,0.611
2026-07-31 19:19:44.7120,0.071,-0.566,-0.226,0.614
2026-07-31 19:19:44.7220,0.023,-0.623,-0.184,0.65
2026-07-31 19:19:44.7320,-0.028,-0.694,-0.145,0.71
2026-07-31 19:19:44.7430,-0.063,-0.775,-0.146,0.791
2026-07-31 19:19:44.7530,-0.101,-0.87,-0.128,0.885
2026-07-31 19:19:44.7680,-0.141,-0.943,-0.105,0.959
2026-07-31 19:19:44.7940,-0.227,-1.032,0.246,1.085
2026-07-31 19:19:44.7940,-0.227,-1.032,0.246,1.085
2026-07-31 19:19:44.7940,-0.227,-1.032,0.246,1.085
2026-07-31 19:19:44.8020,-0.208,-0.915,0.047,0.94
2026-07-31 19:19:44.8120,-0.168,-0.803,-0.197,0.844
2026-07-31 19:19:44.8220,-0.113,-0.746,-0.27,0.801
2026-07-31 19:19:44.8330,-0.07,-0.742,-0.185,0.768
2026-07-31 19:19:44.8430,-0.018,-0.745,-0.159,0.762
2026-07-31 19:19:44.8530,0.041,-0.75,-0.243,0.789
2026-07-31 19:19:44.8680,0.055,-0.79,-0.258,0.833
2026-07-31 19:19:44.8930,0.045,-0.9,-0.314,0.954
2026-07-31 19:19:44.8940,0.045,-0.9,-0.314,0.954
2026-07-31 19:19:44.8940,0.045,-0.9,-0.314,0.954
2026-07-31 19:19:44.9020,0.045,-0.917,-0.349,0.982
2026-07-31 19:19:44.9130,0.056,-0.936,-0.349,1.001
2026-07-31 19:19:44.9220,0.066,-0.957,-0.343,1.019
2026-07-31 19:19:44.9330,0.056,-0.969,-0.356,1.034
2026-07-31 19:19:44.9430,0.039,-0.978,-0.356,1.042
2026-07-31 19:19:44.9530,0.045,-0.976,-0.351,1.038
2026-07-31 19:19:44.9690,0.059,-0.975,-0.318,1.027
2026-07-31 19:19:44.9940,0.063,-0.92,-0.265,0.959
2026-07-31 19:19:44.9940,0.063,-0.92,-0.265,0.959
2026-07-31 19:19:44.9940,0.063,-0.92,-0.265,0.959
2026-07-31 19:19:45.0030,0.05,-0.89,-0.295,0.939
2026-07-31 19:19:45.0130,0.026,-0.895,-0.28,0.938
2026-07-31 19:19:45.0230,0.01,-0.925,-0.249,0.958
2026-07-31 19:19:45.0330,0.032,-0.946,-0.242,0.977
2026-07-31 19:19:45.0430,0.031,-0.969,-0.235,0.998
2026-07-31 19:19:45.0530,0.021,-0.985,-0.234,1.013
2026-07-31 19:19:45.0690,0.047,-0.978,-0.235,1.007
2026-07-31 19:19:45.0960,0.049,-0.896,-0.217,0.923
2026-07-31 19:19:45.0960,0.049,-0.896,-0.217,0.923
2026-07-31 19:19:45.0960,0.049,-0.896,-0.217,0.923
2026-07-31 19:19:45.1030,0.047,-0.884,-0.227,0.914
2026-07-31 19:19:45.1130,0.022,-0.922,-0.21,0.946
2026-07-31 19:19:45.1230,-0.02,-0.993,-0.213,1.016
2026-07-31 19:19:45.1330,-0.057,-1.058,-0.223,1.083
2026-07-31 19:19:45.1430,-0.067,-1.094,-0.241,1.122
2026-07-31 19:19:45.1530,-0.056,-1.093,-0.251,1.123
2026-07-31 19:19:45.1690,-0.023,-1.053,-0.229,1.078
2026-07-31 19:19:45.1950,0.018,-0.917,-0.195,0.938
2026-07-31 19:19:45.1950,0.018,-0.917,-0.195,0.938
2026-07-31 19:19:45.1950,0.018,-0.917,-0.195,0.938
2026-07-31 19:19:45.2030,0.025,-0.93,-0.206,0.953
2026-07-31 19:19:45.2130,0.035,-0.968,-0.242,0.998
2026-07-31 19:19:45.2230,0.046,-1.008,-0.266,1.044
2026-07-31 19:19:45.2330,0.042,-1.037,-0.215,1.06
2026-07-31 19:19:45.2440,0.025,-1.041,-0.158,1.053
2026-07-31 19:19:45.2530,0.026,-1.005,-0.155,1.017
2026-07-31 19:19:45.2690,0.039,-0.952,-0.179,0.969
2026-07-31 19:19:45.2940,0.047,-0.942,-0.182,0.961
2026-07-31 19:19:45.2940,0.047,-0.942,-0.182,0.961
2026-07-31 19:19:45.2940,0.047,-0.942,-0.182,0.961
2026-07-31 19:19:45.3030,0.015,-0.983,-0.168,0.997
2026-07-31 19:19:45.3130,-0.011,-1.021,-0.171,1.035
2026-07-31 19:19:45.3230,-0.014,-1.031,-0.199,1.05
2026-07-31 19:19:45.3340,-0.01,-1.022,-0.196,1.041
2026-07-31 19:19:45.3440,0.01,-1.001,-0.164,1.014
2026-07-31 19:19:45.3540,0.049,-0.957,-0.144,0.969
2026-07-31 19:19:45.3690,0.062,-0.911,-0.142,0.924
2026-07-31 19:19:45.3940,0.033,-0.955,-0.197,0.976
2026-07-31 19:19:45.3940,0.033,-0.955,-0.197,0.976
2026-07-31 19:19:45.3940,0.033,-0.955,-0.197,0.976
2026-07-31 19:19:45.4040,0.029,-1.0,-0.21,1.022
2026-07-31 19:19:45.4130,0.027,-1.044,-0.197,1.063
2026-07-31 19:19:45.4260,0.036,-1.066,-0.172,1.08
2026-07-31 19:19:45.4330,0.027,-1.048,-0.163,1.061
2026-07-31 19:19:45.4430,-0.004,-1.012,-0.16,1.025
2026-07-31 19:19:45.4540,-0.009,-0.979,-0.156,0.991
2026-07-31 19:19:45.4680,-0.0,-0.961,-0.162,0.975
2026-07-31 19:19:45.4920,0.02,-0.995,-0.188,1.013
2026-07-31 19:19:45.4920,0.02,-0.995,-0.188,1.013
2026-07-31 19:19:45.4930,0.022,-1.028,-0.195,1.047
2026-07-31 19:19:45.5030,0.026,-1.043,-0.206,1.063
2026-07-31 19:19:45.5130,0.026,-1.038,-0.193,1.056
2026-07-31 19:19:45.5240,0.019,-1.02,-0.139,1.03
2026-07-31 19:19:45.5340,0.016,-0.991,-0.109,0.997
2026-07-31 19:19:45.5440,0.017,-0.959,-0.131,0.968
2026-07-31 19:19:45.5540,0.016,-0.941,-0.183,0.959
2026-07-31 19:19:45.5690,0.017,-0.955,-0.219,0.98
2026-07-31 19:19:45.5940,0.012,-1.086,-0.146,1.096
2026-07-31 19:19:45.5950,0.012,-1.086,-0.146,1.096
2026-07-31 19:19:45.5950,0.012,-1.086,-0.146,1.096
2026-07-31 19:19:45.6040,0.011,-1.082,-0.12,1.089
2026-07-31 19:19:45.6140,0.002,-1.031,-0.094,1.035
2026-07-31 19:19:45.6250,-0.002,-0.954,-0.09,0.958
2026-07-31 19:19:45.6340,-0.004,-0.893,-0.105,0.899
2026-07-31 19:19:45.6440,0.0,-0.869,-0.129,0.879
2026-07-31 19:19:45.6540,0.012,-0.88,-0.165,0.895
2026-07-31 19:19:45.6680,0.024,-0.92,-0.174,0.937
2026-07-31 19:19:45.6960,-0.001,-1.06,-0.141,1.069
2026-07-31 19:19:45.6960,-0.001,-1.06,-0.141,1.069
2026-07-31 19:19:45.6960,-0.001,-1.06,-0.141,1.069
2026-07-31 19:19:45.7040,-0.019,-1.054,-0.105,1.059
2026-07-31 19:19:45.7140,-0.017,-1.019,-0.066,1.021
2026-07-31 19:19:45.7240,0.004,-0.974,-0.083,0.978
2026-07-31 19:19:45.7340,0.033,-0.947,-0.137,0.957
2026-07-31 19:19:45.7440,0.046,-0.961,-0.163,0.976
2026-07-31 19:19:45.7570,0.044,-1.008,-0.153,1.02
2026-07-31 19:19:45.7700,0.031,-1.049,-0.141,1.059
2026-07-31 19:19:45.7940,-0.04,-1.036,-0.126,1.044
2026-07-31 19:19:45.7940,-0.04,-1.036,-0.126,1.044
2026-07-31 19:19:45.7940,-0.04,-1.036,-0.126,1.044
2026-07-31 19:19:45.8040,-0.034,-0.992,-0.101,0.998
2026-07-31 19:19:45.8140,-0.02,-0.965,-0.072,0.968
2026-07-31 19:19:45.8240,0.002,-0.963,-0.093,0.967
2026-07-31 19:19:45.8340,0.018,-0.981,-0.158,0.994
2026-07-31 19:19:45.8440,0.021,-1.015,-0.196,1.034
2026-07-31 19:19:45.8560,0.021,-1.053,-0.185,1.069
2026-07-31 19:19:45.8700,0.038,-1.08,-0.161,1.093
2026-07-31 19:19:45.8910,0.042,-1.066,-0.075,1.069
2026-07-31 19:19:45.8910,0.042,-1.066,-0.075,1.069
2026-07-31 19:19:45.8940,0.022,-1.031,-0.036,1.032
2026-07-31 19:19:45.9110,-0.015,-0.99,-0.037,0.991
2026-07-31 19:19:45.9140,-0.052,-0.954,-0.073,0.958
2026-07-31 19:19:45.9240,-0.067,-0.938,-0.123,0.948
2026-07-31 19:19:45.9340,-0.063,-0.953,-0.148,0.966
2026-07-31 19:19:45.9450,-0.052,-0.99,-0.144,1.002
2026-07-31 19:19:45.9560,-0.036,-1.023,-0.121,1.031
2026-07-31 19:19:45.9700,-0.018,-1.031,-0.091,1.035
2026-07-31 19:19:45.9900,-0.004,-0.991,-0.05,0.992
2026-07-31 19:19:45.9900,-0.004,-0.991,-0.05,0.992
2026-07-31 19:19:45.9940,-0.009,-0.963,-0.058,0.965
2026-07-31 19:19:46.0110,-0.018,-0.951,-0.084,0.955
2026-07-31 19:19:46.0140,-0.011,-0.954,-0.119,0.961
2026-07-31 19:19:46.0240,-0.006,-0.971,-0.134,0.98
2026-07-31 19:19:46.0340,-0.013,-0.998,-0.122,1.006
2026-07-31 19:19:46.0450,-0.014,-1.016,-0.1,1.021
2026-07-31 19:19:46.0570,-0.005,-1.013,-0.098,1.018
2026-07-31 19:19:46.0700,0.008,-0.991,-0.112,0.997
2026-07-31 19:19:46.0910,0.007,-0.974,-0.11,0.98
2026-07-31 19:19:46.0920,0.007,-0.974,-0.11,0.98
2026-07-31 19:19:46.0940,0.005,-0.977,-0.116,0.984
2026-07-31 19:19:46.1120,-0.002,-0.99,-0.133,0.999
2026-07-31 19:19:46.1140,-0.014,-1.009,-0.145,1.019
2026-07-31 19:19:46.1240,-0.016,-1.034,-0.153,1.045
2026-07-31 19:19:46.1340,-0.009,-1.051,-0.153,1.062
2026-07-31 19:19:46.1450,-0.008,-1.053,-0.132,1.061
2026-07-31 19:19:46.1560,-0.001,-1.035,-0.117,1.042
2026-07-31 19:19:46.1690,0.01,-1.005,-0.132,1.014
2026-07-31 19:19:46.1930,0.004,-0.994,-0.152,1.006
2026-07-31 19:19:46.1930,0.004,-0.994,-0.152,1.006
2026-07-31 19:19:46.1940,-0.0,-1.007,-0.129,1.015
2026-07-31 19:19:46.2120,-0.009,-1.016,-0.101,1.021
2026-07-31 19:19:46.2140,-0.028,-1.02,-0.094,1.025
2026-07-31 19:19:46.2250,-0.042,-1.016,-0.12,1.024
2026-07-31 19:19:46.2340,-0.042,-1.009,-0.15,1.021
2026-07-31 19:19:46.2450,-0.034,-1.005,-0.154,1.017
2026-07-31 19:19:46.2560,-0.03,-1.01,-0.135,1.019
2026-07-31 19:19:46.2700,-0.026,-1.019,-0.119,1.026
2026-07-31 19:19:46.2910,-0.019,-1.025,-0.13,1.033
2026-07-31 19:19:46.2910,-0.019,-1.025,-0.13,1.033
2026-07-31 19:19:46.2940,-0.013,-1.013,-0.119,1.02
2026-07-31 19:19:46.3130,-0.002,-0.996,-0.101,1.001
2026-07-31 19:19:46.3150,0.011,-0.97,-0.096,0.975
2026-07-31 19:19:46.3250,0.02,-0.939,-0.101,0.945
2026-07-31 19:19:46.3350,0.018,-0.922,-0.104,0.928
2026-07-31 19:19:46.3450,0.008,-0.925,-0.115,0.932
2026-07-31 19:19:46.3570,-0.008,-0.936,-0.134,0.946
2026-07-31 19:19:46.3700,-0.024,-0.952,-0.136,0.962
2026-07-31 19:19:46.3910,-0.036,-0.991,-0.185,1.009
2026-07-31 19:19:46.3920,-0.036,-0.991,-0.185,1.009
2026-07-31 19:19:46.3950,-0.032,-1.001,-0.205,1.022
2026-07-31 19:19:46.4110,-0.039,-1.01,-0.169,1.025
2026-07-31 19:19:46.4150,-0.035,-1.009,-0.128,1.018
2026-07-31 19:19:46.4250,-0.008,-1.0,-0.136,1.009
2026-07-31 19:19:46.4350,0.02,-0.991,-0.174,1.006
2026-07-31 19:19:46.4450,0.033,-0.989,-0.188,1.007
2026-07-31 19:19:46.4560,0.02,-0.999,-0.162,1.012
2026-07-31 19:19:46.4710,0.002,-1.007,-0.141,1.017
2026-07-31 19:19:46.4950,-0.008,-0.974,-0.136,0.983
2026-07-31 19:19:46.4950,-0.008,-0.974,-0.136,0.983
2026-07-31 19:19:46.4960,-0.008,-0.974,-0.136,0.983
2026-07-31 19:19:46.5050,-0.02,-0.972,-0.134,0.981
2026-07-31 19:19:46.5150,-0.024,-0.98,-0.158,0.993
2026-07-31 19:19:46.5250,-0.034,-0.993,-0.177,1.009
2026-07-31 19:19:46.5350,-0.04,-1.003,-0.18,1.02
2026-07-31 19:19:46.5450,-0.031,-1.003,-0.173,1.018
2026-07-31 19:19:46.5560,-0.019,-0.996,-0.164,1.01
2026-07-31 19:19:46.5910,0.015,-0.973,-0.137,0.983
2026-07-31 19:19:46.5910,0.015,-0.973,-0.137,0.983
2026-07-31 19:19:46.5920,0.015,-0.973,-0.137,0.983
2026-07-31 19:19:46.5950,0.024,-0.963,-0.141,0.974
2026-07-31 19:19:46.6110,0.026,-0.949,-0.146,0.961
2026-07-31 19:19:46.6150,0.019,-0.94,-0.154,0.953
2026-07-31 19:19:46.6250,0.006,-0.939,-0.159,0.952
2026-07-31 19:19:46.6350,-0.007,-0.947,-0.157,0.96
2026-07-31 19:19:46.6450,-0.024,-0.958,-0.161,0.972
2026-07-31 19:19:46.6560,-0.037,-0.971,-0.175,0.987
2026-07-31 19:19:46.6690,-0.037,-0.979,-0.19,0.998
2026-07-31 19:19:46.6920,0.015,-0.995,-0.191,1.013
2026-07-31 19:19:46.6920,0.015,-0.995,-0.191,1.013
2026-07-31 19:19:46.6950,0.027,-1.003,-0.182,1.02
2026-07-31 19:19:46.7100,0.028,-1.003,-0.175,1.019
2026-07-31 19:19:46.7150,0.017,-0.993,-0.164,1.007
2026-07-31 19:19:46.7250,-0.005,-0.973,-0.165,0.987
2026-07-31 19:19:46.7350,-0.014,-0.953,-0.182,0.97
2026-07-31 19:19:46.7460,-0.009,-0.945,-0.199,0.966
2026-07-31 19:19:46.7560,-0.005,-0.948,-0.197,0.968
2026-07-31 19:19:46.7700,-0.003,-0.965,-0.179,0.981
2026-07-31 19:19:46.7900,-0.008,-1.008,-0.177,1.023
2026-07-31 19:19:46.7900,-0.008,-1.008,-0.177,1.023
2026-07-31 19:19:46.7950,-0.007,-1.01,-0.196,1.029
2026-07-31 19:19:46.8110,-0.013,-1.007,-0.19,1.025
2026-07-31 19:19:46.8150,-0.01,-0.996,-0.167,1.01
2026-07-31 19:19:46.8250,-0.012,-0.976,-0.153,0.988
2026-07-31 19:19:46.8350,-0.014,-0.963,-0.152,0.975
2026-07-31 19:19:46.8460,-0.006,-0.955,-0.17,0.97
2026-07-31 19:19:46.8560,0.008,-0.953,-0.205,0.975
2026-07-31 19:19:46.8910,0.004,-0.992,-0.138,1.002
2026-07-31 19:19:46.8910,0.004,-0.992,-0.138,1.002
2026-07-31 19:19:46.8910,0.004,-0.992,-0.138,1.002
2026-07-31 19:19:46.8950,0.01,-0.999,-0.139,1.009
2026-07-31 19:19:46.9100,0.014,-0.995,-0.176,1.011
2026-07-31 19:19:46.9150,0.006,-0.99,-0.197,1.009
2026-07-31 19:19:46.9260,-0.0,-0.992,-0.191,1.01
2026-07-31 19:19:46.9350,-0.007,-0.991,-0.185,1.008
2026-07-31 19:19:46.9460,-0.002,-0.986,-0.192,1.005
2026-07-31 19:19:46.9560,0.013,-0.981,-0.182,0.998
2026-07-31 19:19:46.9900,0.007,-0.976,-0.135,0.985
2026-07-31 19:19:46.9900,0.007,-0.976,-0.135,0.985
2026-07-31 19:19:46.9900,0.007,-0.976,-0.135,0.985
2026-07-31 19:19:46.9950,-0.011,-0.968,-0.148,0.979
2026-07-31 19:19:47.0100,-0.029,-0.953,-0.167,0.968
2026-07-31 19:19:47.0160,-0.044,-0.954,-0.18,0.972
2026-07-31 19:19:47.0260,-0.034,-0.966,-0.188,0.985
2026-07-31 19:19:47.0360,-0.006,-0.984,-0.194,1.003
2026-07-31 19:19:47.0460,0.013,-1.004,-0.183,1.021
2026-07-31 19:19:47.0560,0.032,-1.018,-0.161,1.031
2026-07-31 19:19:47.0930,0.039,-0.992,-0.196,1.012
2026-07-31 19:19:47.0930,0.039,-0.992,-0.196,1.012
2026-07-31 19:19:47.0930,0.039,-0.992,-0.196,1.012
2026-07-31 19:19:47.0950,0.021,-0.977,-0.201,0.998
2026-07-31 19:19:47.1110,0.006,-0.968,-0.19,0.986
2026-07-31 19:19:47.1160,-0.005,-0.973,-0.173,0.988
2026-07-31 19:19:47.1260,-0.007,-0.975,-0.168,0.989
2026-07-31 19:19:47.1360,0.0,-0.971,-0.186,0.989
2026-07-31 19:19:47.1460,-0.007,-0.978,-0.194,0.997
2026-07-31 19:19:47.1560,-0.022,-0.987,-0.181,1.004
2026-07-31 19:19:47.1720,-0.018,-0.993,-0.168,1.007
2026-07-31 19:19:47.1940,0.007,-0.994,-0.159,1.007
2026-07-31 19:19:47.1940,0.007,-0.994,-0.159,1.007
2026-07-31 19:19:47.1950,0.006,-0.986,-0.168,1.0
2026-07-31 19:19:47.2100,-0.005,-0.982,-0.172,0.997
2026-07-31 19:19:47.2160,-0.01,-0.974,-0.189,0.992
2026-07-31 19:19:47.2260,-0.005,-0.973,-0.21,0.995
2026-07-31 19:19:47.2360,0.006,-0.988,-0.196,1.007
2026-07-31 19:19:47.2460,0.01,-1.0,-0.168,1.014
2026-07-31 19:19:47.2560,0.013,-0.996,-0.157,1.008
2026-07-31 19:19:47.2920,0.018,-0.953,-0.15,0.965
2026-07-31 19:19:47.2920,0.018,-0.953,-0.15,0.965
2026-07-31 19:19:47.2920,0.018,-0.953,-0.15,0.965
2026-07-31 19:19:47.2960,0.012,-0.943,-0.143,0.954
2026-07-31 19:19:47.3100,-0.0,-0.945,-0.143,0.956
2026-07-31 19:19:47.3160,-0.0,-0.954,-0.169,0.969
2026-07-31 19:19:47.3260,0.003,-0.962,-0.195,0.982
2026-07-31 19:19:47.3360,0.005,-0.983,-0.2,1.003
2026-07-31 19:19:47.3460,0.014,-1.002,-0.195,1.021
2026-07-31 19:19:47.3560,0.016,-1.012,-0.188,1.029
2026-07-31 19:19:47.3940,-0.024,-0.983,-0.13,0.992
2026-07-31 19:19:47.3940,-0.024,-0.983,-0.13,0.992
2026-07-31 19:19:47.3940,-0.024,-0.983,-0.13,0.992
2026-07-31 19:19:47.3960,-0.021,-0.969,-0.133,0.978
2026-07-31 19:19:47.4100,-0.013,-0.971,-0.142,0.981
2026-07-31 19:19:47.4160,-0.002,-0.979,-0.16,0.992
2026-07-31 19:19:47.4260,0.011,-0.994,-0.176,1.01
2026-07-31 19:19:47.4360,0.014,-1.011,-0.18,1.027
2026-07-31 19:19:47.4470,0.008,-1.023,-0.165,1.036
2026-07-31 19:19:47.4570,0.008,-1.025,-0.143,1.035
2026-07-31 19:19:47.4910,-0.01,-0.974,-0.104,0.98
2026-07-31 19:19:47.4910,-0.01,-0.974,-0.104,0.98
2026-07-31 19:19:47.4910,-0.01,-0.974,-0.104,0.98
2026-07-31 19:19:47.4960,-0.009,-0.962,-0.12,0.969
2026-07-31 19:19:47.5100,-0.007,-0.967,-0.147,0.978
2026-07-31 19:19:47.5160,-0.007,-0.989,-0.17,1.004
2026-07-31 19:19:47.5260,-0.005,-1.013,-0.172,1.028
2026-07-31 19:19:47.5360,-0.01,-1.027,-0.15,1.038
2026-07-31 19:19:47.5470,-0.015,-1.026,-0.118,1.033
2026-07-31 19:19:47.5570,-0.019,-1.007,-0.107,1.013
2026-07-31 19:19:47.5930,-0.007,-0.945,-0.144,0.956
2026-07-31 19:19:47.5930,-0.007,-0.945,-0.144,0.956
2026-07-31 19:19:47.5930,-0.007,-0.945,-0.144,0.956
2026-07-31 19:19:47.5960,0.007,-0.954,-0.149,0.966
2026-07-31 19:19:47.6100,0.017,-0.979,-0.15,0.991
2026-07-31 19:19:47.6160,0.031,-1.005,-0.155,1.017
2026-07-31 19:19:47.6270,0.041,-1.028,-0.151,1.04
2026-07-31 19:19:47.6360,0.034,-1.038,-0.141,1.048
2026-07-31 19:19:47.6470,0.01,-1.032,-0.126,1.04
2026-07-31 19:19:47.6580,-0.022,-1.012,-0.115,1.019
2026-07-31 19:19:47.6920,0.002,-0.974,-0.17,0.989
2026-07-31 19:19:47.6920,0.002,-0.974,-0.17,0.989
2026-07-31 19:19:47.6920,0.002,-0.974,-0.17,0.989
2026-07-31 19:19:47.6960,0.022,-0.993,-0.183,1.01
2026-07-31 19:19:47.7100,0.025,-1.027,-0.168,1.041
2026-07-31 19:19:47.7160,0.02,-1.053,-0.147,1.063
2026-07-31 19:19:47.7270,0.008,-1.06,-0.133,1.068
2026-07-31 19:19:47.7370,-0.022,-1.046,-0.123,1.053
2026-07-31 19:19:47.7470,-0.042,-1.015,-0.117,1.023
2026-07-31 19:19:47.7570,-0.052,-0.974,-0.112,0.982
2026-07-31 19:19:47.7940,-0.027,-0.921,-0.117,0.929
2026-07-31 19:19:47.7940,-0.027,-0.921,-0.117,0.929
2026-07-31 19:19:47.7950,-0.027,-0.921,-0.117,0.929
2026-07-31 19:19:47.7960,-0.0,-0.947,-0.147,0.958
2026-07-31 19:19:47.8100,0.018,-0.993,-0.171,1.008
2026-07-31 19:19:47.8170,0.033,-1.034,-0.167,1.048
2026-07-31 19:19:47.8270,0.041,-1.06,-0.134,1.069
2026-07-31 19:19:47.8370,0.03,-1.061,-0.097,1.066
2026-07-31 19:19:47.8470,0.007,-1.028,-0.079,1.031
2026-07-31 19:19:47.8580,-0.016,-0.99,-0.087,0.994
2026-07-31 19:19:47.8730,-0.032,-0.963,-0.105,0.969
2026-07-31 19:19:47.8950,-0.031,-0.954,-0.145,0.965
2026-07-31 19:19:47.8950,-0.031,-0.954,-0.145,0.965
2026-07-31 19:19:47.8970,-0.014,-0.977,-0.152,0.989
2026-07-31 19:19:47.9100,0.002,-1.003,-0.145,1.013
2026-07-31 19:19:47.9170,-0.005,-1.018,-0.126,1.026
2026-07-31 19:19:47.9270,-0.016,-1.022,-0.122,1.029
2026-07-31 19:19:47.9380,-0.015,-1.026,-0.135,1.035
2026-07-31 19:19:47.9470,0.006,-1.032,-0.155,1.044
2026-07-31 19:19:47.9570,0.031,-1.042,-0.17,1.056
2026-07-31 19:19:47.9720,0.036,-1.053,-0.17,1.067
2026-07-31 19:19:47.9930,-0.022,-1.046,-0.104,1.051
2026-07-31 19:19:47.9930,-0.022,-1.046,-0.104,1.051
2026-07-31 19:19:47.9970,-0.062,-1.028,-0.075,1.033
2026-07-31 19:19:48.0120,-0.077,-1.01,-0.066,1.015
2026-07-31 19:19:48.0170,-0.069,-0.992,-0.071,0.997
2026-07-31 19:19:48.0270,-0.056,-0.983,-0.088,0.989
2026-07-31 19:19:48.0380,-0.038,-0.987,-0.118,0.995
2026-07-31 19:19:48.0470,-0.017,-0.99,-0.15,1.001
2026-07-31 19:19:48.0570,-0.009,-0.999,-0.163,1.012
2026-07-31 19:19:48.0950,0.02,-1.034,-0.091,1.038
2026-07-31 19:19:48.0950,0.02,-1.034,-0.091,1.038
2026-07-31 19:19:48.0950,0.02,-1.034,-0.091,1.038
2026-07-31 19:19:48.0970,0.025,-1.02,-0.076,1.023
2026-07-31 19:19:48.1100,0.026,-0.997,-0.077,1.0
2026-07-31 19:19:48.1170,0.025,-0.966,-0.088,0.97
2026-07-31 19:19:48.1270,0.02,-0.939,-0.094,0.944
2026-07-31 19:19:48.1380,0.011,-0.921,-0.096,0.926
2026-07-31 19:19:48.1470,-0.002,-0.909,-0.097,0.914
2026-07-31 19:19:48.1580,-0.026,-0.892,-0.096,0.898
2026-07-31 19:19:48.1950,-0.05,-0.762,-0.128,0.774
2026-07-31 19:19:48.1950,-0.05,-0.762,-0.128,0.774
2026-07-31 19:19:48.1950,-0.05,-0.762,-0.128,0.774
2026-07-31 19:19:48.1970,-0.032,-0.705,-0.15,0.721
2026-07-31 19:19:48.2100,-0.003,-0.645,-0.165,0.666
2026-07-31 19:19:48.2170,0.028,-0.589,-0.158,0.61
2026-07-31 19:19:48.2270,0.027,-0.553,-0.145,0.572
2026-07-31 19:19:48.2380,0.026,-0.536,-0.118,0.549
2026-07-31 19:19:48.2480,0.013,-0.537,-0.108,0.548
2026-07-31 19:19:48.2580,-0.015,-0.564,-0.117,0.576
2026-07-31 19:19:48.2900,-0.057,-0.644,-0.18,0.671
2026-07-31 19:19:48.2900,-0.057,-0.644,-0.18,0.671
2026-07-31 19:19:48.2900,-0.057,-0.644,-0.18,0.671
2026-07-31 19:19:48.2970,-0.043,-0.637,-0.15,0.656
2026-07-31 19:19:48.3100,-0.026,-0.61,-0.131,0.624
2026-07-31 19:19:48.3170,0.015,-0.571,-0.136,0.587
2026-07-31 19:19:48.3280,0.029,-0.537,-0.177,0.566
2026-07-31 19:19:48.3390,0.034,-0.526,-0.224,0.573
2026-07-31 19:19:48.3480,0.051,-0.549,-0.23,0.597
2026-07-31 19:19:48.3580,0.064,-0.611,-0.206,0.648
2026-07-31 19:19:48.3950,0.044,-0.876,-0.088,0.882
2026-07-31 19:19:48.3950,0.044,-0.876,-0.088,0.882
2026-07-31 19:19:48.3950,0.044,-0.876,-0.088,0.882
2026-07-31 19:19:48.3970,0.022,-0.944,-0.075,0.947
2026-07-31 19:19:48.4100,0.002,-0.989,-0.068,0.991
2026-07-31 19:19:48.4170,-0.016,-1.01,-0.061,1.012
2026-07-31 19:19:48.4280,-0.031,-1.013,-0.048,1.015
2026-07-31 19:19:48.4380,-0.031,-1.0,-0.029,1.001
2026-07-31 19:19:48.4480,-0.045,-0.976,-0.003,0.977
2026-07-31 19:19:48.4580,-0.059,-0.943,0.026,0.945
2026-07-31 19:19:48.4940,-0.042,-0.776,0.115,0.786
2026-07-31 19:19:48.4940,-0.042,-0.776,0.115,0.786
2026-07-31 19:19:48.4940,-0.042,-0.776,0.115,0.786
2026-07-31 19:19:48.4970,-0.042,-0.736,0.116,0.746
2026-07-31 19:19:48.5100,-0.027,-0.694,0.087,0.7
2026-07-31 19:19:48.5180,0.0,-0.67,0.027,0.671
2026-07-31 19:19:48.5280,0.034,-0.672,-0.059,0.675
2026-07-31 19:19:48.5390,0.071,-0.708,-0.161,0.73
2026-07-31 19:19:48.5480,0.109,-0.781,-0.273,0.834
2026-07-31 19:19:48.5580,0.146,-0.868,-0.39,0.963
2026-07-31 19:19:48.5950,0.143,-1.022,-0.524,1.157
2026-07-31 19:19:48.5950,0.143,-1.022,-0.524,1.157
2026-07-31 19:19:48.5950,0.143,-1.022,-0.524,1.157
2026-07-31 19:19:48.5970,0.054,-1.018,-0.445,1.112
2026-07-31 19:19:48.6100,-0.023,-1.018,-0.345,1.075
2026-07-31 19:19:48.6180,-0.059,-1.025,-0.279,1.064
2026-07-31 19:19:48.6280,-0.057,-1.031,-0.262,1.065
2026-07-31 19:19:48.6380,-0.035,-1.016,-0.28,1.054
2026-07-31 19:19:48.6480,0.016,-0.992,-0.33,1.046
2026-07-31 19:19:48.6580,0.083,-0.962,-0.386,1.04
2026-07-31 19:19:48.6960,0.09,-0.956,-0.403,1.041
2026-07-31 19:19:48.6960,0.09,-0.956,-0.403,1.041
2026-07-31 19:19:48.6960,0.09,-0.956,-0.403,1.041
2026-07-31 19:19:48.6980,0.026,-0.973,-0.367,1.04
2026-07-31 19:19:48.7100,0.006,-0.989,-0.348,1.048
2026-07-31 19:19:48.7180,0.037,-1.003,-0.331,1.057
2026-07-31 19:19:48.7280,0.075,-1.017,-0.322,1.069
2026-07-31 19:19:48.7390,0.094,-1.029,-0.321,1.082
2026-07-31 19:19:48.7480,0.098,-1.043,-0.325,1.097
2026-07-31 19:19:48.7590,0.088,-1.057,-0.348,1.116
2026-07-31 19:19:48.7950,0.095,-1.006,-0.328,1.062
2026-07-31 19:19:48.7950,0.095,-1.006,-0.328,1.062
2026-07-31 19:19:48.7950,0.095,-1.006,-0.328,1.062
2026-07-31 19:19:48.7980,0.101,-0.979,-0.326,1.037
2026-07-31 19:19:48.8110,0.115,-0.971,-0.341,1.036
2026-07-31 19:19:48.8180,0.132,-0.985,-0.354,1.055
2026-07-31 19:19:48.8280,0.102,-1.017,-0.35,1.08
2026-07-31 19:19:48.8380,0.057,-1.043,-0.318,1.092
2026-07-31 19:19:48.8480,0.026,-1.049,-0.277,1.085
2026-07-31 19:19:48.8590,0.004,-1.036,-0.237,1.063
2026-07-31 19:19:48.8680,0.003,-1.019,-0.208,1.04
2026-07-31 19:19:48.8940,0.061,-0.997,-0.183,1.015
2026-07-31 19:19:48.8940,0.061,-0.997,-0.183,1.015
2026-07-31 19:19:48.8980,0.064,-0.995,-0.186,1.014
2026-07-31 19:19:48.9100,0.045,-0.999,-0.188,1.018
2026-07-31 19:19:48.9180,0.022,-0.996,-0.184,1.013
2026-07-31 19:19:48.9280,0.006,-0.973,-0.176,0.989
2026-07-31 19:19:48.9380,-0.022,-0.937,-0.162,0.951
2026-07-31 19:19:48.9490,-0.055,-0.892,-0.144,0.905
2026-07-31 19:19:48.9590,-0.069,-0.846,-0.124,0.858
2026-07-31 19:19:48.9950,-0.008,-0.685,-0.074,0.689
2026-07-31 19:19:48.9950,-0.008,-0.685,-0.074,0.689
2026-07-31 19:19:48.9950,-0.008,-0.685,-0.074,0.689
2026-07-31 19:19:48.9980,0.017,-0.64,-0.061,0.643
2026-07-31 19:19:49.0100,0.028,-0.621,-0.053,0.624
2026-07-31 19:19:49.0180,0.03,-0.656,-0.047,0.658
2026-07-31 19:19:49.0280,0.004,-0.772,-0.069,0.775
2026-07-31 19:19:49.0380,-0.057,-0.967,-0.137,0.978
2026-07-31 19:19:49.0490,-0.162,-1.248,-0.288,1.291
2026-07-31 19:19:49.0590,-0.264,-1.634,-0.564,1.749
2026-07-31 19:19:49.0960,-0.097,-2.726,-0.109,2.73
2026-07-31 19:19:49.0960,-0.097,-2.726,-0.109,2.73
2026-07-31 19:19:49.0960,-0.097,-2.726,-0.109,2.73
2026-07-31 19:19:49.0990,-0.061,-2.822,0.563,2.878
2026-07-31 19:19:49.1110,0.041,-2.698,0.983,2.872
2026-07-31 19:19:49.1180,0.14,-2.342,1.153,2.614
2026-07-31 19:19:49.1290,0.194,-1.895,1.012,2.157
2026-07-31 19:19:49.1390,0.259,-1.434,0.704,1.618
2026-07-31 19:19:49.1490,0.305,-1.046,0.428,1.171
2026-07-31 19:19:49.1590,0.289,-0.787,0.196,0.861
2026-07-31 19:19:49.1960,-0.033,-0.543,-0.1,0.553
2026-07-31 19:19:49.1970,-0.033,-0.543,-0.1,0.553
2026-07-31 19:19:49.1970,-0.033,-0.543,-0.1,0.553
2026-07-31 19:19:49.1980,-0.198,-0.544,-0.112,0.59
2026-07-31 19:19:49.2100,-0.339,-0.555,-0.099,0.658
2026-07-31 19:19:49.2180,-0.454,-0.583,-0.089,0.744
2026-07-31 19:19:49.2290,-0.533,-0.627,-0.07,0.826
2026-07-31 19:19:49.2380,-0.583,-0.687,-0.04,0.902
2026-07-31 19:19:49.2490,-0.533,-0.75,0.024,0.92
2026-07-31 19:19:49.2590,-0.4,-0.822,0.147,0.926
2026-07-31 19:19:49.2690,-0.235,-0.941,0.278,1.009
2026-07-31 19:19:49.2940,0.257,-0.886,0.442,1.023
2026-07-31 19:19:49.2950,0.257,-0.886,0.442,1.023
2026-07-31 19:19:49.2990,0.434,-0.858,0.499,1.083
2026-07-31 19:19:49.3100,0.537,-0.925,0.537,1.197
2026-07-31 19:19:49.3190,0.569,-1.082,0.482,1.314
2026-07-31 19:19:49.3290,0.54,-1.314,0.323,1.457
2026-07-31 19:19:49.3390,0.464,-1.558,0.137,1.631
2026-07-31 19:19:49.3490,0.337,-1.723,0.093,1.758
2026-07-31 19:19:49.3590,0.151,-1.753,0.195,1.77
2026-07-31 19:19:49.3950,-0.424,-1.341,0.563,1.515
2026-07-31 19:19:49.3950,-0.424,-1.341,0.563,1.515
2026-07-31 19:19:49.3960,-0.424,-1.341,0.563,1.515
2026-07-31 19:19:49.3990,-0.481,-1.14,0.521,1.343
2026-07-31 19:19:49.4100,-0.487,-0.928,0.436,1.135
2026-07-31 19:19:49.4190,-0.469,-0.756,0.362,0.96
2026-07-31 19:19:49.4290,-0.454,-0.639,0.316,0.845
2026-07-31 19:19:49.4390,-0.459,-0.598,0.285,0.806
2026-07-31 19:19:49.4490,-0.442,-0.6,0.264,0.791
2026-07-31 19:19:49.4600,-0.388,-0.631,0.262,0.786
2026-07-31 19:19:49.4950,-0.181,-0.761,0.258,0.824
2026-07-31 19:19:49.4950,-0.181,-0.761,0.258,0.824
2026-07-31 19:19:49.4950,-0.181,-0.761,0.258,0.824
2026-07-31 19:19:49.4990,-0.186,-0.813,0.27,0.877
2026-07-31 19:19:49.5100,-0.242,-0.938,0.308,1.016
2026-07-31 19:19:49.5190,-0.29,-1.081,0.368,1.178
2026-07-31 19:19:49.5290,-0.272,-1.107,0.404,1.209
2026-07-31 19:19:49.5400,-0.226,-1.019,0.36,1.104
2026-07-31 19:19:49.5490,-0.164,-0.906,0.235,0.95
2026-07-31 19:19:49.5600,-0.062,-0.825,0.017,0.828
2026-07-31 19:19:49.5960,0.022,-0.963,-0.192,0.982
2026-07-31 19:19:49.5960,0.022,-0.963,-0.192,0.982
2026-07-31 19:19:49.5960,0.022,-0.963,-0.192,0.982
2026-07-31 19:19:49.5990,-0.001,-1.013,0.013,1.013
2026-07-31 19:19:49.6100,-0.054,-1.03,0.265,1.065
2026-07-31 19:19:49.6190,-0.117,-1.029,0.466,1.136
2026-07-31 19:19:49.6290,-0.217,-1.032,0.579,1.203
2026-07-31 19:19:49.6400,-0.301,-1.022,0.598,1.222
2026-07-31 19:19:49.6490,-0.33,-0.984,0.486,1.146
2026-07-31 19:19:49.6600,-0.297,-0.963,0.258,1.04
2026-07-31 19:19:49.6970,-0.013,-1.159,-0.891,1.462
2026-07-31 19:19:49.6970,-0.013,-1.159,-0.891,1.462
2026-07-31 19:19:49.6970,-0.013,-1.159,-0.891,1.462
2026-07-31 19:19:49.6990,-0.022,-1.316,-0.74,1.51
2026-07-31 19:19:49.7100,-0.1,-1.444,-0.231,1.466
2026-07-31 19:19:49.7190,-0.126,-1.511,0.181,1.527
2026-07-31 19:19:49.7290,-0.094,-1.509,0.39,1.561
2026-07-31 19:19:49.7400,-0.014,-1.406,0.394,1.46
2026-07-31 19:19:49.7500,0.046,-1.246,0.229,1.268
2026-07-31 19:19:49.7600,0.067,-1.093,-0.01,1.095
2026-07-31 19:19:49.7950,0.046,-0.87,-0.235,0.902
2026-07-31 19:19:49.7950,0.046,-0.87,-0.235,0.902
2026-07-31 19:19:49.7950,0.046,-0.87,-0.235,0.902
2026-07-31 19:19:49.7990,0.008,-0.907,-0.128,0.916
2026-07-31 19:19:49.8110,-0.019,-0.968,-0.037,0.969
2026-07-31 19:19:49.8200,-0.033,-1.015,0.013,1.016
2026-07-31 19:19:49.8300,-0.03,-1.023,0.028,1.024
2026-07-31 19:19:49.8400,-0.026,-0.994,0.022,0.995
2026-07-31 19:19:49.8500,-0.014,-0.942,-0.01,0.942
2026-07-31 19:19:49.8600,0.004,-0.88,-0.064,0.882
2026-07-31 19:19:49.8960,0.024,-0.772,-0.099,0.779
2026-07-31 19:19:49.8960,0.024,-0.772,-0.099,0.779
2026-07-31 19:19:49.8960,0.024,-0.772,-0.099,0.779
2026-07-31 19:19:49.8990,0.037,-0.767,-0.076,0.772
2026-07-31 19:19:49.9110,0.045,-0.772,-0.077,0.777
2026-07-31 19:19:49.9190,0.03,-0.782,-0.081,0.787
2026-07-31 19:19:49.9300,-0.01,-0.793,-0.066,0.796
2026-07-31 19:19:49.9400,-0.053,-0.801,-0.039,0.804
2026-07-31 19:19:49.9500,-0.085,-0.818,-0.018,0.823
2026-07-31 19:19:49.9600,-0.101,-0.842,-0.003,0.848
2026-07-31 19:19:49.9950,0.004,-0.96,-0.041,0.961
2026-07-31 19:19:49.9950,0.004,-0.96,-0.041,0.961
2026-07-31 19:19:49.9950,0.004,-0.96,-0.041,0.961
2026-07-31 19:19:50.0000,0.073,-1.035,-0.103,1.043
2026-07-31 19:19:50.0110,0.146,-1.135,-0.128,1.151
2026-07-31 19:19:50.0200,0.226,-1.232,-0.07,1.255
2026-07-31 19:19:50.0300,0.261,-1.276,0.067,1.304
2026-07-31 19:19:50.0400,0.252,-1.257,0.209,1.299
2026-07-31 19:19:50.0500,0.214,-1.194,0.277,1.244
2026-07-31 19:19:50.0600,0.165,-1.122,0.251,1.162
2026-07-31 19:19:50.0960,0.026,-0.96,0.053,0.962
2026-07-31 19:19:50.0960,0.026,-0.96,0.053,0.962
2026-07-31 19:19:50.0960,0.026,-0.96,0.053,0.962
2026-07-31 19:19:50.1000,-0.01,-0.942,0.021,0.942
2026-07-31 19:19:50.1110,-0.051,-0.938,-0.025,0.94
2026-07-31 19:19:50.1200,-0.065,-0.94,-0.048,0.943
2026-07-31 19:19:50.1300,-0.048,-0.954,-0.021,0.955
2026-07-31 19:19:50.1420,-0.016,-0.969,0.021,0.969
2026-07-31 19:19:50.1500,0.019,-0.976,0.034,0.977
2026-07-31 19:19:50.1600,0.03,-0.979,0.014,0.98
2026-07-31 19:19:50.1760,0.022,-0.986,-0.014,0.986
2026-07-31 19:19:50.1970,0.038,-0.959,-0.004,0.96
2026-07-31 19:19:50.1970,0.038,-0.959,-0.004,0.96
2026-07-31 19:19:50.2000,0.039,-0.937,0.009,0.938
2026-07-31 19:19:50.2110,0.047,-0.915,0.022,0.916
2026-07-31 19:19:50.2210,0.056,-0.918,0.022,0.92
2026-07-31 19:19:50.2300,0.081,-0.916,0.021,0.92
2026-07-31 19:19:50.2400,0.103,-0.887,0.008,0.893
2026-07-31 19:19:50.2500,0.108,-0.838,0.018,0.845
2026-07-31 19:19:50.2600,-0.044,-0.988,0.113,0.995
2026-07-31 19:19:50.2770,-0.128,-1.066,0.367,1.135
2026-07-31 19:19:50.2800,0.381,-1.092,0.02,1.157
2026-07-31 19:19:50.3080,0.147,-1.056,0.061,1.068
2026-07-31 19:19:50.3080,0.147,-1.056,0.061,1.068
2026-07-31 19:19:50.3100,0.127,-1.027,0.116,1.041
2026-07-31 19:19:50.3280,0.097,-1.072,0.145,1.086
2026-07-31 19:19:50.3300,0.089,-1.103,0.098,1.111
2026-07-31 19:19:50.3400,0.102,-1.071,0.012,1.076
2026-07-31 19:19:50.3500,0.125,-1.06,0.09,1.071
2026-07-31 19:19:50.3610,0.123,-1.045,0.193,1.07
2026-07-31 19:19:50.3790,0.113,-1.0,0.127,1.014
2026-07-31 19:19:50.3800,0.125,-0.976,0.088,0.988
2026-07-31 19:19:50.4070,0.145,-0.971,0.089,0.986
2026-07-31 19:19:50.4070,0.145,-0.971,0.089,0.986
2026-07-31 19:19:50.4100,0.158,-0.978,0.065,0.993
2026-07-31 19:19:50.4270,0.157,-0.975,0.051,0.989
2026-07-31 19:19:50.4300,0.141,-0.994,0.047,1.005
2026-07-31 19:19:50.4400,0.135,-0.99,0.04,1.0
2026-07-31 19:19:50.4510,0.125,-0.975,0.059,0.985
2026-07-31 19:19:50.4610,0.12,-0.956,0.105,0.969
2026-07-31 19:19:50.4760,0.117,-0.947,0.116,0.961
2026-07-31 19:19:50.4800,0.111,-0.952,0.068,0.961
2026-07-31 19:19:50.5060,0.016,-0.952,0.0,0.952
2026-07-31 19:19:50.5070,0.016,-0.952,0.0,0.952
2026-07-31 19:19:50.5100,0.025,-0.931,0.056,0.933
2026-07-31 19:19:50.5270,0.063,-0.91,0.028,0.913
2026-07-31 19:19:50.5300,0.065,-0.921,0.03,0.924
2026-07-31 19:19:50.5410,0.095,-0.97,0.041,0.976
2026-07-31 19:19:50.5510,0.136,-1.022,0.061,1.033
2026-07-31 19:19:50.5610,0.141,-1.046,0.06,1.057
2026-07-31 19:19:50.5770,0.143,-1.048,0.041,1.059
2026-07-31 19:19:50.5810,0.122,-1.022,0.037,1.03
2026-07-31 19:19:50.6060,0.125,-0.997,0.005,1.005
2026-07-31 19:19:50.6060,0.125,-0.997,0.005,1.005
2026-07-31 19:19:50.6100,0.141,-1.005,-0.017,1.015
2026-07-31 19:19:50.6280,0.178,-1.0,-0.045,1.017
2026-07-31 19:19:50.6300,0.207,-1.006,-0.103,1.032
2026-07-31 19:19:50.6410,0.219,-1.002,-0.135,1.034
2026-07-31 19:19:50.6510,0.221,-0.989,-0.127,1.021
2026-07-31 19:19:50.6610,0.207,-0.998,-0.084,1.023
2026-07-31 19:19:50.6760,0.178,-0.989,-0.058,1.007
2026-07-31 19:19:50.6810,0.148,-0.967,-0.06,0.98
2026-07-31 19:19:50.7090,0.093,-0.935,-0.068,0.942
2026-07-31 19:19:50.7100,0.093,-0.935,-0.068,0.942
2026-07-31 19:19:50.7110,0.079,-0.945,-0.064,0.95
2026-07-31 19:19:50.7270,0.065,-0.97,-0.057,0.974
2026-07-31 19:19:50.7310,0.064,-0.997,-0.056,1.001
2026-07-31 19:19:50.7410,0.063,-1.008,-0.065,1.012
2026-07-31 19:19:50.7510,0.057,-1.007,-0.064,1.011
2026-07-31 19:19:50.7610,0.051,-0.992,-0.055,0.995
2026-07-31 19:19:50.7760,0.042,-0.966,-0.055,0.968
2026-07-31 19:19:50.7810,0.038,-0.959,-0.044,0.961
2026-07-31 19:19:50.8070,0.052,-0.929,0.056,0.932
2026-07-31 19:19:50.8070,0.052,-0.929,0.056,0.932
2026-07-31 19:19:50.8110,-0.016,-1.002,0.054,1.004
2026-07-31 19:19:50.8270,-0.045,-0.989,0.129,0.998
2026-07-31 19:19:50.8310,-0.033,-1.006,0.049,1.008
2026-07-31 19:19:50.8410,-0.013,-0.973,-0.047,0.974
2026-07-31 19:19:50.8510,0.009,-0.962,-0.06,0.964
2026-07-31 19:19:50.8610,0.072,-0.934,-0.061,0.939
2026-07-31 19:19:50.8760,0.095,-0.96,-0.002,0.965
2026-07-31 19:19:50.8810,0.094,-1.048,0.023,1.052
2026-07-31 19:19:50.9060,0.142,-1.101,0.019,1.11
2026-07-31 19:19:50.9070,0.142,-1.101,0.019,1.11
2026-07-31 19:19:50.9110,0.137,-1.058,0.005,1.067
2026-07-31 19:19:50.9270,0.117,-1.012,-0.001,1.019
2026-07-31 19:19:50.9310,0.101,-0.998,0.011,1.003
2026-07-31 19:19:50.9410,0.109,-1.0,0.005,1.006
2026-07-31 19:19:50.9510,0.129,-1.03,-0.022,1.038
2026-07-31 19:19:50.9610,0.123,-1.062,-0.023,1.069
2026-07-31 19:19:50.9760,0.117,-1.076,0.009,1.082
2026-07-31 19:19:50.9820,0.111,-1.036,0.029,1.042
2026-07-31 19:19:51.0070,0.052,-0.965,0.039,0.967
2026-07-31 19:19:51.0080,0.052,-0.965,0.039,0.967
